Source,Target,Type,id,label,timeset,weight
mauro_serafin,mercedesamgf1,Directed,10,,,1.0
mauro_serafin,scuderiaferrari,Directed,11,,,1.0
mauro_serafin,formulahumor,Directed,12,,,1.0
marcoasfalto,graftechweb,Directed,26,,,1.0
marcoasfalto,vettel_formel1,Directed,27,,,1.0
marcoasfalto,lovemaurizio,Directed,28,,,1.0
marcoasfalto,alessandrosala1,Directed,29,,,1.0
marcoasfalto,anto_giovinazzi,Directed,30,,,1.0
oz_f1_motogp,scuderiaferrari,Directed,31,,,1.0
oz_f1_motogp,f1,Directed,32,,,1.0
oz_f1_motogp,wtf1official,Directed,33,,,1.0
ed96webchannel,valtteribottas,Directed,52,,,1.0
ed96webchannel,lewishamilton,Directed,53,,,1.0
ed96webchannel,skysportf1hd,Directed,54,,,1.0
danielapili5,svandoorne,Directed,56,,,1.0
factuallmpala,wtf1official,Directed,71,,,1.0
zaharamossman,mercedesamgf1,Directed,78,,,1.0
zaharamossman,scuderiaferrari,Directed,79,,,1.0
zaharamossman,momentsau,Directed,80,,,1.0
zaharamossman,gianludale27,Directed,81,,,1.0
zaharamossman,f1,Directed,82,,,1.0
dburgersdijk,svandoorne,Directed,87,,,1.0
arradmanesh,oconesteban,Directed,92,,,1.0
arradmanesh,forceindiaf1,Directed,93,,,1.0
arradmanesh,f1,Directed,94,,,1.0
arradmanesh,sebvettelnews,Directed,95,,,1.0
arradmanesh,skysportsf1,Directed,96,,,1.0
1medders1,mercedesamgf1,Directed,123,,,1.0
1medders1,scuderiaferrari,Directed,124,,,1.0
1medders1,formulahumor,Directed,125,,,1.0
sftifosigr1,gianludale27,Directed,149,,,1.0
shwimp1138,f1,Directed,162,,,1.0
shwimp1138,oconesteban,Directed,163,,,1.0
shwimp1138,laf1surcanal,Directed,164,,,1.0
eko_sap56963457,pirellisport,Directed,173,,,1.0
eko_sap56963457,graftechweb,Directed,174,,,1.0
eko_sap56963457,vettel_formel1,Directed,175,,,1.0
eko_sap56963457,alessandrosala1,Directed,176,,,1.0
eko_sap56963457,lovemaurizio,Directed,177,,,1.0
michaelbobak,aussiegrit,Directed,201,,,1.0
michaelbobak,nico_rosberg,Directed,203,,,1.0
michaelbobak,rtlde,Directed,204,,,1.0
thevijaymallya,oconesteban,Directed,208,,,1.0
thevijaymallya,forceindiaf1,Directed,209,,,1.0
thevijaymallya,f1,Directed,210,,,1.0
jofairclough1,fia,Directed,227,,,1.0
jofairclough1,tororossospy,Directed,228,,,1.0
jofairclough1,ausgrandprix,Directed,229,,,1.0
jofairclough1,svandoorne,Directed,230,,,1.0
jofairclough1,channel4,Directed,231,,,1.0
jofairclough1,c4f1,Directed,232,,,1.0
ant_testa979,valtteribottas,Directed,241,,,1.0
ant_testa979,lewishamilton,Directed,242,,,1.0
ant_testa979,skysportf1hd,Directed,243,,,1.0
emma2kroby,suttonimages,Directed,271,,,1.0
emma2kroby,mercedesamgf1,Directed,272,,,1.0
emma2kroby,lewishamilton,Directed,273,,,1.0
randomdude1155,ausgrandprix,Directed,280,,,1.0
randomdude1155,f1,Directed,281,,,1.0
randomdude1155,skysportsf1,Directed,282,,,1.0
randomdude1155,scuderiaferrari,Directed,283,,,1.0
randomdude1155,kl_motorsport,Directed,284,,,1.0
svandoornefans,svandoorne,Directed,290,,,1.0
1986juventus,1986juventus,Directed,297,,,1.0
1986juventus,motorsport_it,Directed,298,,,1.0
h3r3w3g03,fansofkr,Directed,306,,,1.0
h3r3w3g03,iceman7news,Directed,307,,,1.0
h3r3w3g03,ausgrandprix,Directed,308,,,1.0
johnni47973385,mercedesamgf1,Directed,310,,,1.0
johnni47973385,scuderiaferrari,Directed,311,,,1.0
johnni47973385,momentsau,Directed,312,,,1.0
faqiherbara,f1,Directed,315,,,1.0
faqiherbara,ausgrandprix,Directed,316,,,1.0
faqiherbara,svandoorne,Directed,317,,,1.0
kplumel,renaultsportf1,Directed,318,,,1.0
kplumel,f1,Directed,319,,,1.0
kplumel,nico_rosberg,Directed,320,,,1.0
odamax41,channel4,Directed,330,,,1.0
odamax41,c4f1,Directed,331,,,1.0
sarik31,mercedesamgf1,Directed,381,,,1.0
sarik31,scuderiaferrari,Directed,382,,,1.0
sarik31,formulahumor,Directed,383,,,1.0
taitanikt,forceindiaf1,Directed,394,,,1.0
taitanikt,f1,Directed,395,,,1.0
taitanikt,scuderiaferrari,Directed,396,,,1.0
scud3k_,scuderiaferrari,Directed,401,,,1.0
mscfan91,scuderiaferrari,Directed,418,,,1.0
mscfan91,wtf1official,Directed,419,,,1.0
mscfan91,f1,Directed,420,,,1.0
gremlins2012,oconesteban,Directed,431,,,1.0
gremlins2012,f1,Directed,432,,,1.0
gremlins2012,laf1surcanal,Directed,433,,,1.0
pimsterenberg,bah_int_circuit,Directed,444,,,1.0
pimsterenberg,ausgrandprix,Directed,445,,,1.0
pimsterenberg,f1,Directed,446,,,1.0
shel_hwds,mralexf1,Directed,450,,,1.0
shel_hwds,allthingsvettel,Directed,451,,,1.0
shel_hwds,sebvettelnews,Directed,452,,,1.0
fhollauf,f1_vettel,Directed,471,,,1.0
fhollauf,scuderiaferrari,Directed,472,,,1.0
fhollauf,f1,Directed,473,,,1.0
lzlark,ericsson_marcus,Directed,475,,,1.0
lzlark,sauberf1team,Directed,476,,,1.0
lzlark,tororossospy,Directed,477,,,1.0
lzlark,anto_giovinazzi,Directed,478,,,1.0
lzlark,f1,Directed,479,,,1.0
lzlark,mclarenf1,Directed,480,,,1.0
spinosoangelo,graftechweb,Directed,484,,,1.0
spinosoangelo,vettel_formel1,Directed,485,,,1.0
spinosoangelo,lovemaurizio,Directed,486,,,1.0
spinosoangelo,anto_giovinazzi,Directed,487,,,1.0
spinosoangelo,alessandrosala1,Directed,488,,,1.0
motorsport_it,motorsport_it,Directed,489,,,1.0
spinosoangelo,motorsport_it,Directed,490,,,1.0
simongbrooks,mclarenf1,Directed,492,,,1.0
mahmad4457,mercedesbenzmx,Directed,506,,,1.0
mahmad4457,mclarenf1,Directed,507,,,1.0
mahmad4457,valtteribottas,Directed,508,,,1.0
mahmad4457,lewishamilton,Directed,509,,,1.0
mahmad4457,mercedesamgf1,Directed,510,,,1.0
mahmad4457,scuderiaferrari,Directed,511,,,1.0
thomassenecal,scuderiaferrari,Directed,512,,,1.0
thomassenecal,laf1surcanal,Directed,513,,,1.0
lauraduracell,schecoperez,Directed,514,,,1.0
lauraduracell,laaficion,Directed,515,,,1.0
lauraduracell,pirellisport,Directed,516,,,1.0
mashiromartinez,suttonimages,Directed,528,,,1.0
dexpress_sport,dexpress_sport,Directed,529,,,1.0
mashiromartinez,dexpress_sport,Directed,530,,,1.0
mashiromartinez,lewishamilton,Directed,531,,,1.0
mashiromartinez,sebvettelnews,Directed,532,,,1.0
mashiromartinez,scuderiaferrari,Directed,533,,,1.0
mashiromartinez,f1,Directed,534,,,1.0
fabiobusolo,valtteribottas,Directed,539,,,1.0
fabiobusolo,lewishamilton,Directed,540,,,1.0
fabiobusolo,skysportf1hd,Directed,541,,,1.0
fabiobusolo,scuderiaferrari,Directed,542,,,1.0
casulafede,casulafede,Directed,551,,,1.0
casulafede,scuderiaferrari,Directed,552,,,1.0
sinkoftears,formulahumor,Directed,564,,,1.0
sinkoftears,mercedesamgf1,Directed,565,,,1.0
sinkoftears,scuderiaferrari,Directed,566,,,1.0
anamariia_k,ausgrandprix,Directed,585,,,1.0
anamariia_k,f1,Directed,586,,,1.0
moey2612,mercedesamgf1,Directed,587,,,1.0
moey2612,momentsau,Directed,588,,,1.0
moey2612,scuderiaferrari,Directed,590,,,1.0
bbcsport,bbcsport,Directed,610,,,1.0
giova_s_89,valtteribottas,Directed,615,,,1.0
giova_s_89,lewishamilton,Directed,616,,,1.0
giova_s_89,skysportf1hd,Directed,617,,,1.0
htswjgblues1,mercedesamgf1,Directed,619,,,1.0
camigl10,valtteribottas,Directed,632,,,1.0
camigl10,f1,Directed,633,,,1.0
paulkitto,channel4,Directed,634,,,1.0
paulkitto,aussiegrit,Directed,635,,,1.0
paulkitto,sebvettelnews,Directed,636,,,1.0
paulkitto,c4f1,Directed,637,,,1.0
kingkongtv,aztecaguate,Directed,706,,,1.0
kingkongtv,scuderiaferrari,Directed,707,,,1.0
kingkongtv,f1,Directed,708,,,1.0
ruizecheverria,scuderiaferrari,Directed,711,,,1.0
ruizecheverria,ruizecheverria,Directed,712,,,1.0
thomasmiles77,georgeyhowson95,Directed,723,,,1.0
thomasmiles77,alayzell20297,Directed,725,,,1.0
thomasmiles77,essaarmsport,Directed,726,,,1.0
thomasmiles77,_helenahicks,Directed,727,,,1.0
diabloesparza,valtteribottas,Directed,728,,,1.0
diabloesparza,f1,Directed,729,,,1.0
diabloesparza,mercedesamgf1,Directed,730,,,1.0
diabloesparza,scuderiaferrari,Directed,731,,,1.0
cec_thaina,suttonimages,Directed,746,,,1.0
cec_thaina,mercedesamgf1,Directed,747,,,1.0
cec_thaina,lewishamilton,Directed,748,,,1.0
saetta_mcqueen,skysportf1hd,Directed,755,,,1.0
saetta_mcqueen,scuderiaferrari,Directed,756,,,1.0
saetta_mcqueen,giulialabo,Directed,757,,,1.0
delavallee27,thomassenecal,Directed,769,,,1.0
delavallee27,valtteribottas,Directed,771,,,1.0
delavallee27,mercedesamgf1,Directed,772,,,1.0
_helenahicks,alayzell20297,Directed,785,,,1.0
_helenahicks,essaarmsport,Directed,786,,,1.0
nuzzl33man,nuzzl33man,Directed,811,,,1.0
nuzzl33man,f1,Directed,812,,,1.0
nuzzl33man,anto_giovinazzi,Directed,813,,,1.0
josephf198,bravofernandof1,Directed,845,,,1.0
alycienta_44,alycienta_44,Directed,864,,,1.0
alycienta_44,anto_giovinazzi,Directed,865,,,1.0
bellatmg,f1,Directed,904,,,1.0
bellatmg,max33verstappen,Directed,905,,,1.0
bellatmg,valtteribottas,Directed,906,,,1.0
rbeef81,valtteribottas,Directed,918,,,1.0
rbeef81,alo_oficial,Directed,919,,,1.0
rbeef81,danielricciardo,Directed,920,,,1.0
rbeef81,haasf1team,Directed,921,,,1.0
odaarksoul_,sebvettelnews,Directed,945,,,1.0
odaarksoul_,scuderiaferrari,Directed,946,,,1.0
odaarksoul_,f1,Directed,947,,,1.0
cconcep240,scuderiaferrari,Directed,960,,,1.0
cconcep240,f1,Directed,961,,,1.0
cconcep240,pirellisport,Directed,962,,,1.0
cconcep240,formulahumor,Directed,963,,,1.0
oxodox,f1,Directed,970,,,1.0
oxodox,oxodox,Directed,971,,,1.0
totalplayco,rtlde,Directed,1009,,,1.0
totalplayco,f1,Directed,1010,,,1.0
totalplayco,podolski10,Directed,1011,,,1.0
ashdawson147,mercedesamgf1,Directed,1034,,,1.0
ashdawson147,valtteribottas,Directed,1035,,,1.0
ashdawson147,f1,Directed,1036,,,1.0
ashdawson147,scuderiaferrari,Directed,1037,,,1.0
benjami74285198,mattzel89,Directed,1038,,,1.0
benjami74285198,f1writers,Directed,1039,,,1.0
benjami74285198,suttonimages,Directed,1040,,,1.0
acastillo1594,bravofernandof1,Directed,1041,,,1.0
acastillo1594,mclarenf1,Directed,1042,,,1.0
acastillo1594,soymotor,Directed,1043,,,1.0
naz3em,valtteribottas,Directed,1063,,,1.0
naz3em,mercedesamgf1,Directed,1064,,,1.0
_dieciagosto,andersonlaura12,Directed,1104,,,1.0
_dieciagosto,mattzel89,Directed,1105,,,1.0
pangianpiter,sebvettelnews,Directed,1111,,,1.0
federicolescano,soy_f1,Directed,1113,,,1.0
dursti85,scuderiaferrari,Directed,1122,,,1.0
dursti85,f1,Directed,1123,,,1.0
kaikgrig,forceindiaf1,Directed,1139,,,1.0
kaikgrig,kaikgrig,Directed,1140,,,1.0
f1_girl_sv,mattzel89,Directed,1161,,,1.0
laurent_bouchet,svandoorne,Directed,1176,,,1.0
laurent_bouchet,oconesteban,Directed,1177,,,1.0
laurent_bouchet,forceindiaf1,Directed,1178,,,1.0
laurent_bouchet,f1,Directed,1179,,,1.0
laurent_bouchet,laf1surcanal,Directed,1180,,,1.0
crf_marcoos,valtteribottas,Directed,1186,,,1.0
crf_marcoos,lewishamilton,Directed,1187,,,1.0
crf_marcoos,managerchampion,Directed,1188,,,1.0
josemanuel_28,movistar_f1,Directed,1190,,,1.0
josemanuel_28,noemidemiguel,Directed,1191,,,1.0
josemanuel_28,pirellisport,Directed,1192,,,1.0
renata55207670,mralexf1,Directed,1217,,,1.0
renata55207670,sebvettelnews,Directed,1218,,,1.0
renata55207670,allthingsvettel,Directed,1219,,,1.0
realjohnyromero,rtlde,Directed,1222,,,1.0
realjohnyromero,podolski10,Directed,1223,,,1.0
realjohnyromero,f1,Directed,1224,,,1.0
vitors2000,valtteribottas,Directed,1255,,,1.0
vitors2000,lewishamilton,Directed,1256,,,1.0
vitors2000,managerchampion,Directed,1257,,,1.0
sadler08,scuderiaferrari,Directed,1263,,,1.0
sadler08,mercedesamgf1,Directed,1264,,,1.0
sadler08,valtteribottas,Directed,1265,,,1.0
sadler08,c4f1,Directed,1266,,,1.0
ajl_f1,essaargp,Directed,1271,,,1.0
alayzell20297,essaargp,Directed,1272,,,1.0
alayzell20297,ajl_f1,Directed,1274,,,1.0
gummy_liz,scuderiaferrari,Directed,1276,,,1.0
gummy_liz,f1,Directed,1277,,,1.0
gummy_liz,sebvettelnews,Directed,1278,,,1.0
gummy_liz,nico_rosberg,Directed,1279,,,1.0
gucepeda,gnsolito,Directed,1298,,,1.0
gucepeda,mercedesamgf1,Directed,1299,,,1.0
gucepeda,scuderiaferrari,Directed,1300,,,1.0
gucepeda,formulahumor,Directed,1301,,,1.0
mathhscosta,valtteribottas,Directed,1302,,,1.0
mathhscosta,lewishamilton,Directed,1303,,,1.0
mathhscosta,managerchampion,Directed,1304,,,1.0
mark_pomfret,valtteribottas,Directed,1321,,,1.0
mark_pomfret,lewishamilton,Directed,1322,,,1.0
mark_pomfret,f1,Directed,1323,,,1.0
mark_pomfret,mercedesamgf1,Directed,1324,,,1.0
kazuyaformula,gianludale27,Directed,1338,,,1.0
kazuyaformula,hulkhulkenberg,Directed,1339,,,1.0
kazuyaformula,renaultsportf1,Directed,1340,,,1.0
kazuyaformula,scuderiaferrari,Directed,1341,,,1.0
franckdeabreu,f1,Directed,1356,,,1.0
franckdeabreu,max33verstappen,Directed,1357,,,1.0
franckdeabreu,valtteribottas,Directed,1358,,,1.0
franckdeabreu,mclarenf1,Directed,1359,,,1.0
adrysns916,scuderiaferrari,Directed,1363,,,1.0
adrysns916,f1,Directed,1364,,,1.0
kendizzlex3,andersonlaura12,Directed,1371,,,1.0
managerchampion,valtteribottas,Directed,1394,,,1.0
managerchampion,lewishamilton,Directed,1395,,,1.0
jb5estrelas,managerchampion,Directed,1396,,,1.0
jb5estrelas,valtteribottas,Directed,1397,,,1.0
jb5estrelas,lewishamilton,Directed,1398,,,1.0
ferrariworld79,mercedesamgf1,Directed,1405,,,1.0
ferrariworld79,scuderiaferrari,Directed,1406,,,1.0
ferrariworld79,formulahumor,Directed,1407,,,1.0
ispanico14,valtteribottas,Directed,1412,,,1.0
ispanico14,lewishamilton,Directed,1413,,,1.0
ispanico14,skysportf1hd,Directed,1414,,,1.0
ispanico14,scuderiaferrari,Directed,1415,,,1.0
moschettalucas,skysportsf1,Directed,1448,,,1.0
moschettalucas,formula1fanzone,Directed,1449,,,1.0
moschettalucas,scuderiaferrari,Directed,1450,,,1.0
antomdcccxxi,mercedesamgf1,Directed,1453,,,1.0
antomdcccxxi,scuderiaferrari,Directed,1454,,,1.0
antomdcccxxi,formulahumor,Directed,1455,,,1.0
thivsweety,danielricciardo,Directed,1456,,,1.0
thivsweety,shanewarne,Directed,1457,,,1.0
thivsweety,ausgrandprix,Directed,1458,,,1.0
thivsweety,wtf1official,Directed,1459,,,1.0
tindelcristhian,f1_paraguay,Directed,1462,,,1.0
tindelcristhian,forof1paraguay,Directed,1463,,,1.0
tindelcristhian,f1,Directed,1464,,,1.0
tindelcristhian,mclarenf1,Directed,1465,,,1.0
jaymilee_,c4f1,Directed,1473,,,1.0
jaymilee_,ausgrandprix,Directed,1474,,,1.0
jaymilee_,f1,Directed,1475,,,1.0
nicoleninaf1,wtf1official,Directed,1496,,,1.0
nicoleninaf1,mclarenf1,Directed,1497,,,1.0
nicoleninaf1,hondaracingf1,Directed,1499,,,1.0
nicoleninaf1,svandoorne,Directed,1500,,,1.0
nicoleninaf1,alo_oficial,Directed,1501,,,1.0
nicoleninaf1,f1,Directed,1502,,,1.0
nicoleninaf1,ausgrandprix,Directed,1503,,,1.0
abaza738,scuderiaferrari,Directed,1523,,,1.0
abaza738,elierizkf1,Directed,1524,,,1.0
ss_may5,shanewarne,Directed,1526,,,1.0
ss_may5,danielricciardo,Directed,1527,,,1.0
ss_may5,ausgrandprix,Directed,1528,,,1.0
ss_may5,redbullracing,Directed,1529,,,1.0
ss_may5,f1,Directed,1530,,,1.0
ss_may5,sebvettelnews,Directed,1531,,,1.0
ss_may5,gianludale27,Directed,1532,,,1.0
elegbete1,mercedesamgf1,Directed,1536,,,1.0
ferrarinelcuore,maui27575,Directed,1545,,,1.0
ferrarinelcuore,formulahumor,Directed,1546,,,1.0
72kareem,svandoorne,Directed,1566,,,1.0
72kareem,mclarenf1,Directed,1567,,,1.0
72kareem,andersonlaura12,Directed,1568,,,1.0
rvmaarseveen,redbullracing,Directed,1571,,,1.0
rvmaarseveen,max33verstappen,Directed,1572,,,1.0
rvmaarseveen,f1,Directed,1573,,,1.0
clarosports,clarosports,Directed,1575,,,1.0
luxuschrono,f1,Directed,1577,,,1.0
luxuschrono,forceindiaf1,Directed,1578,,,1.0
luxuschrono,mercedesamgf1,Directed,1579,,,1.0
luxuschrono,nico_rosberg,Directed,1580,,,1.0
fc3srx7rx7,sebvettelnews,Directed,1591,,,1.0
fc3srx7rx7,f1gate,Directed,1592,,,1.0
fc3srx7rx7,scuderiaferrari,Directed,1593,,,1.0
fc3srx7rx7,f1,Directed,1594,,,1.0
jamirocali,mercedesamgf1,Directed,1609,,,1.0
jamirocali,scuderiaferrari,Directed,1610,,,1.0
jamirocali,formulahumor,Directed,1611,,,1.0
william50386522,mercedesamgf1,Directed,1617,,,1.0
william50386522,valtteribottas,Directed,1618,,,1.0
california458,forceindiaf1,Directed,1638,,,1.0
california458,alo_oficial,Directed,1639,,,1.0
california458,f1,Directed,1640,,,1.0
california458,oconesteban,Directed,1641,,,1.0
pieroladisa,pieroladisa,Directed,1643,,,1.0
eli_valli,oconesteban,Directed,1650,,,1.0
eli_valli,forceindiaf1,Directed,1651,,,1.0
eli_valli,f1,Directed,1652,,,1.0
mjeedalhidan,scuderiaferrari,Directed,1653,,,1.0
mjeedalhidan,f1,Directed,1654,,,1.0
mjeedalhidan,wtf1official,Directed,1655,,,1.0
stevestevens47,haasf1team,Directed,1661,,,1.0
stevestevens47,paddylowe,Directed,1663,,,1.0
stevestevens47,stevestevens47,Directed,1664,,,1.0
stevestevens47,sauberf1team,Directed,1665,,,1.0
stevestevens47,ericsson_marcus,Directed,1666,,,1.0
stevestevens47,anto_giovinazzi,Directed,1667,,,1.0
stevestevens47,renaultsportf1,Directed,1668,,,1.0
stevestevens47,hulkhulkenberg,Directed,1669,,,1.0
stevestevens47,ausgrandprix,Directed,1670,,,1.0
stevestevens47,kvyatofficial,Directed,1671,,,1.0
stevestevens47,carlossainz55,Directed,1672,,,1.0
stevestevens47,tororossospy,Directed,1673,,,1.0
stevestevens47,mclarenf1,Directed,1674,,,1.0
stevestevens47,svandoorne,Directed,1675,,,1.0
stevestevens47,williamsracing,Directed,1676,,,1.0
stevestevens47,massafelipe19,Directed,1677,,,1.0
stevestevens47,forceindiaf1,Directed,1678,,,1.0
stevestevens47,oconesteban,Directed,1679,,,1.0
stevestevens47,mercedesamgf1,Directed,1680,,,1.0
stevestevens47,scuderiaferrari,Directed,1681,,,1.0
danielsahne94,scuderiaferrari,Directed,1695,,,1.0
danielsahne94,valtteribottas,Directed,1696,,,1.0
danielsahne94,f1,Directed,1697,,,1.0
danielsahne94,max33verstappen,Directed,1698,,,1.0
yt5528,massafelipe19,Directed,1708,,,1.0
yt5528,williamsracing,Directed,1709,,,1.0
elisagaggioli,elisagaggioli,Directed,1716,,,1.0
d_victormartil,movistar_f1,Directed,1731,,,1.0
d_victormartil,noemidemiguel,Directed,1732,,,1.0
d_victormartil,pirellisport,Directed,1733,,,1.0
eliaslauda,mercedesamgf1,Directed,1742,,,1.0
eliaslauda,laf1surcanal,Directed,1743,,,1.0
eliaslauda,ausgrandprix,Directed,1744,,,1.0
f1_images,ericsson_marcus,Directed,1745,,,1.0
f1_images,mclarenf1,Directed,1746,,,1.0
f1_images,anto_giovinazzi,Directed,1747,,,1.0
f1_images,sauberf1team,Directed,1748,,,1.0
f1_images,tororossospy,Directed,1749,,,1.0
f1_images,forceindiaf1,Directed,1750,,,1.0
f1_images,massafelipe19,Directed,1751,,,1.0
f1_images,williamsracing,Directed,1752,,,1.0
f1_images,redbullracing,Directed,1753,,,1.0
f1_images,mercedesamgf1,Directed,1754,,,1.0
f1_images,scuderiaferrari,Directed,1755,,,1.0
aagilang89,scuderiaferrari,Directed,1756,,,1.0
aagilang89,f1,Directed,1757,,,1.0
aagilang89,lewishamilton,Directed,1758,,,1.0
habraham15,enricotornello,Directed,1775,,,1.0
habraham15,laf1surcanal,Directed,1776,,,1.0
habraham15,motorlat,Directed,1777,,,1.0
habraham15,f1,Directed,1778,,,1.0
_mic_mel,scuderiaferrari,Directed,1792,,,1.0
_mic_mel,f1,Directed,1793,,,1.0
_mic_mel,pirellisport,Directed,1794,,,1.0
carlitosj2011,enricotornello,Directed,1797,,,1.0
carlitosj2011,f1latinamerica,Directed,1798,,,1.0
carlitosj2011,f1,Directed,1799,,,1.0
carlitosj2011,forof1paraguay,Directed,1800,,,1.0
carlitosj2011,f1_paraguay,Directed,1801,,,1.0
kleoshloss1,mercedesamgf1,Directed,1821,,,1.0
kleoshloss1,scuderiaferrari,Directed,1822,,,1.0
kleoshloss1,formulahumor,Directed,1823,,,1.0
kleoshloss1,scuderia7,Directed,1824,,,1.0
scotland2888,scuderiaferrari,Directed,1825,,,1.0
scotland2888,f1,Directed,1826,,,1.0
scotland2888,max33verstappen,Directed,1827,,,1.0
scotland2888,skysportsf1,Directed,1828,,,1.0
scotland2888,valtteribottas,Directed,1829,,,1.0
scotland2888,ausgrandprix,Directed,1830,,,1.0
scotland2888,oconesteban,Directed,1831,,,1.0
scotland2888,forceindiaf1,Directed,1832,,,1.0
scotland2888,danielricciardo,Directed,1833,,,1.0
scotland2888,redbullracing,Directed,1834,,,1.0
scotland2888,mercedesamgf1,Directed,1835,,,1.0
carvajavo,motorlat,Directed,1840,,,1.0
carvajavo,pirellisport,Directed,1841,,,1.0
mohdawwal_,lewishamilton,Directed,1843,,,1.0
mohdawwal_,alo_oficial,Directed,1844,,,1.0
mohdawwal_,mercedesamgf1,Directed,1845,,,1.0
elierizkf1,scuderiaferrari,Directed,1846,,,1.0
eko_sap56963457,elierizkf1,Directed,1847,,,1.0
eko_sap56963457,scuderiaferrari,Directed,1849,,,1.0
eko_sap56963457,andersonlaura12,Directed,1850,,,1.0
eko_sap56963457,renaultsportf1,Directed,1851,,,1.0
eko_sap56963457,mattzel89,Directed,1852,,,1.0
eko_sap56963457,oconesteban,Directed,1853,,,1.0
eko_sap56963457,anto_giovinazzi,Directed,1854,,,1.0
eko_sap56963457,skysportf1hd,Directed,1855,,,1.0
giulialabo,scuderiaferrari,Directed,1859,,,1.0
giulialabo,f1,Directed,1860,,,1.0
giulialabo,formulahumor,Directed,1862,,,1.0
giulialabo,oconesteban,Directed,1863,,,1.0
giulialabo,anto_giovinazzi,Directed,1864,,,1.0
giulialabo,skysportf1hd,Directed,1865,,,1.0
karol__crf,suttonimages,Directed,1876,,,1.0
karol__crf,mercedesamgf1,Directed,1877,,,1.0
karol__crf,lewishamilton,Directed,1878,,,1.0
fishtrenado,momentses,Directed,1948,,,1.0
fishtrenado,laaficion,Directed,1951,,,1.0
fishtrenado,schecoperez,Directed,1954,,,1.0
fishtrenado,scuderiaferrari,Directed,1955,,,1.0
fishtrenado,a3formula1,Directed,1956,,,1.0
fishtrenado,pirellisport,Directed,1957,,,1.0
fishtrenado,carlossainz55,Directed,1958,,,1.0
fishtrenado,laf1surcanal,Directed,1959,,,1.0
fishtrenado,motorlat,Directed,1960,,,1.0
fishtrenado,telemetricof1,Directed,1961,,,1.0
fishtrenado,fia,Directed,1962,,,1.0
irina05791,ausgrandprix,Directed,1963,,,1.0
irina05791,f1,Directed,1964,,,1.0
irina05791,lewishamilton,Directed,1965,,,1.0
irina05791,mercedesamgf1,Directed,1966,,,1.0
mardiso20,skysportf1hd,Directed,1982,,,1.0
mardiso20,skysport,Directed,1983,,,1.0
mardiso20,scuderiaferrari,Directed,1984,,,1.0
protiereclaude,enricotornello,Directed,1996,,,1.0
protiereclaude,kvyatofficial,Directed,1997,,,1.0
protiereclaude,tororossospy,Directed,1998,,,1.0
marco_rv94,valtteribottas,Directed,2003,,,1.0
marco_rv94,lewishamilton,Directed,2004,,,1.0
marco_rv94,skysportf1hd,Directed,2005,,,1.0
smurf_118,wtf1official,Directed,2006,,,1.0
smurf_118,scuderiaferrari,Directed,2007,,,1.0
smurf_118,f1,Directed,2008,,,1.0
smurf_118,therealdcf1,Directed,2009,,,1.0
smurf_118,c4f1,Directed,2010,,,1.0
smurf_118,mercedesamgf1,Directed,2011,,,1.0
smurf_118,valtteribottas,Directed,2012,,,1.0
smurf_118,lewishamilton,Directed,2013,,,1.0
perhapschiba,pirellisport,Directed,2023,,,1.0
perhapschiba,f1,Directed,2024,,,1.0
perhapschiba,danielricciardo,Directed,2025,,,1.0
amitsingh8888,oconesteban,Directed,2037,,,1.0
amitsingh8888,forceindiaf1,Directed,2038,,,1.0
amitsingh8888,f1,Directed,2039,,,1.0
cohenleoncarlos,wtf1official,Directed,2043,,,1.0
cohenleoncarlos,scuderiaferrari,Directed,2044,,,1.0
cohenleoncarlos,f1,Directed,2045,,,1.0
jeantonnerot,michaelcarus0,Directed,2052,,,1.0
jeantonnerot,toddkellyracing,Directed,2053,,,1.0
jeantonnerot,nissan_msport,Directed,2054,,,1.0
jenlove48,scuderiafe,Directed,2057,,,1.0
jenlove48,vettel_formel1,Directed,2058,,,1.0
jenlove48,scuderiaferrari,Directed,2059,,,1.0
masterlap_com,masterlap_com,Directed,2060,,,1.0
masterlap_com,valtteribottas,Directed,2061,,,1.0
masterlap_com,lewishamilton,Directed,2062,,,1.0
ivanngfok,ivanngfok,Directed,2071,,,1.0
ivanngfok,scuderiaferrari,Directed,2072,,,1.0
ivanngfok,f1,Directed,2073,,,1.0
rach_f1,ffsgiovinco,Directed,2085,,,1.0
rach_f1,alexs1man,Directed,2086,,,1.0
awaisssss_,f1,Directed,2103,,,1.0
awaisssss_,scuderiaferrari,Directed,2104,,,1.0
awaisssss_,suttonimages,Directed,2105,,,1.0
awaisssss_,mercedesamgf1,Directed,2106,,,1.0
awaisssss_,lewishamilton,Directed,2107,,,1.0
awaisssss_,valtteribottas,Directed,2108,,,1.0
skysport,oconesteban,Directed,2114,,,1.0
skysport,anto_giovinazzi,Directed,2115,,,1.0
skysport,skysportf1hd,Directed,2116,,,1.0
matazaleras97,scuderiaferrari,Directed,2125,,,1.0
arseniy1980,ausgrandprix,Directed,2128,,,1.0
arseniy1980,f1,Directed,2129,,,1.0
arseniy1980,lewishamilton,Directed,2130,,,1.0
arseniy1980,mercedesamgf1,Directed,2131,,,1.0
arseniy1980,valtteribottas,Directed,2132,,,1.0
alayzell20297,essaarmsport,Directed,2133,,,1.0
f1fanster1217,mercedesamgf1,Directed,2169,,,1.0
f1fanster1217,scuderiaferrari,Directed,2170,,,1.0
f1fanster1217,formulahumor,Directed,2171,,,1.0
f1fanster1217,gianludale27,Directed,2172,,,1.0
fia_formula_1,fia_formula_1,Directed,2180,,,1.0
djpbut,fia_formula_1,Directed,2181,,,1.0
djpbut,f1fanatic_co_uk,Directed,2182,,,1.0
djpbut,max33verstappen,Directed,2183,,,1.0
djpbut,redbullracing,Directed,2184,,,1.0
djpbut,forceindiaf1,Directed,2185,,,1.0
djpbut,massafelipe19,Directed,2186,,,1.0
djpbut,williamsracing,Directed,2187,,,1.0
messieterno,movistar_f1,Directed,2188,,,1.0
messieterno,noemidemiguel,Directed,2189,,,1.0
messieterno,pirellisport,Directed,2190,,,1.0
alpdavies,scuderiaferrari,Directed,2192,,,1.0
alpdavies,mercedesamgf1,Directed,2193,,,1.0
alpdavies,lewishamilton,Directed,2194,,,1.0
ladakatokkon,f1,Directed,2197,,,1.0
ladakatokkon,ladakatokkon,Directed,2198,,,1.0
f1_daniel5,gianludale27,Directed,2199,,,1.0
pierostracuzzi1,sebvettelnews,Directed,2203,,,1.0
pierostracuzzi1,valtteribottas,Directed,2204,,,1.0
pierostracuzzi1,lewishamilton,Directed,2205,,,1.0
pierostracuzzi1,skysportf1hd,Directed,2206,,,1.0
pierostracuzzi1,scuderiaferrari,Directed,2207,,,1.0
pierostracuzzi1,f1,Directed,2208,,,1.0
smr_200,forceindiaf1,Directed,2209,,,1.0
smr_200,scuderiaferrari,Directed,2210,,,1.0
smr_200,f1,Directed,2211,,,1.0
mngming88,ausgrandprix,Directed,2219,,,1.0
mngming88,f1,Directed,2220,,,1.0
mngming88,skysportsf1,Directed,2221,,,1.0
mngming88,scuderiaferrari,Directed,2222,,,1.0
mngming88,kl_motorsport,Directed,2223,,,1.0
glfioravanti,sebvettelnews,Directed,2243,,,1.0
glfioravanti,glfioravanti,Directed,2244,,,1.0
motorlat,fia,Directed,2250,,,1.0
motorlat,motorlat,Directed,2251,,,1.0
motorlat,pirellisport,Directed,2252,,,1.0
sergiogvidrio,valtteribottas,Directed,2255,,,1.0
sergiogvidrio,lewishamilton,Directed,2256,,,1.0
sergiogvidrio,mercedesamgf1,Directed,2257,,,1.0
sergiogvidrio,mercedesbenzmx,Directed,2258,,,1.0
f1fanske,f1fanske,Directed,2262,,,1.0
f1fanske,f1,Directed,2263,,,1.0
f1fanske,scuderiaferrari,Directed,2264,,,1.0
iclaud90,oconesteban,Directed,2275,,,1.0
iclaud90,anto_giovinazzi,Directed,2276,,,1.0
iclaud90,skysportf1hd,Directed,2277,,,1.0
guanmingy,kl_motorsport,Directed,2286,,,1.0
guanmingy,ausgrandprix,Directed,2287,,,1.0
guanmingy,f1,Directed,2288,,,1.0
guanmingy,skysportsf1,Directed,2289,,,1.0
guanmingy,scuderiaferrari,Directed,2290,,,1.0
bravofernandof1,bravofernandof1,Directed,2293,,,1.0
filhopaulo2012,sebvettelnews,Directed,2295,,,1.0
filhopaulo2012,scuderiaferrari,Directed,2296,,,1.0
filhopaulo2012,f1,Directed,2297,,,1.0
en_aizuddin,mercedesamgf1,Directed,2302,,,1.0
en_aizuddin,scuderiaferrari,Directed,2303,,,1.0
en_aizuddin,formulahumor,Directed,2304,,,1.0
nadalvettel,nadalvettel,Directed,2323,,,1.0
nadalvettel,scuderiaferrari,Directed,2324,,,1.0
alejand20099936,pirellisport,Directed,2327,,,1.0
alejand20099936,mercedesbenzmx,Directed,2328,,,1.0
alejand20099936,mercedesamgf1,Directed,2329,,,1.0
alejand20099936,f1,Directed,2330,,,1.0
alejand20099936,tororossospy,Directed,2331,,,1.0
alejand20099936,redbullracing,Directed,2332,,,1.0
alejand20099936,valtteribottas,Directed,2333,,,1.0
alejand20099936,f1fanatic_co_uk,Directed,2334,,,1.0
alejand20099936,nico_rosberg,Directed,2335,,,1.0
alejand20099936,hulkhulkenberg,Directed,2336,,,1.0
alejand20099936,renaultsportf1,Directed,2337,,,1.0
alejand20099936,oconesteban,Directed,2338,,,1.0
alejand20099936,forceindiaf1,Directed,2339,,,1.0
alejand20099936,ausgrandprix,Directed,2340,,,1.0
alejand20099936,scuderiaferrari,Directed,2341,,,1.0
alejand20099936,kvyatofficial,Directed,2342,,,1.0
alejand20099936,lewishamilton,Directed,2343,,,1.0
alejand20099936,svandoorne,Directed,2344,,,1.0
luizeduardo1311,valtteribottas,Directed,2360,,,1.0
luizeduardo1311,f1,Directed,2361,,,1.0
luizeduardo1311,scuderiaferrari,Directed,2362,,,1.0
proassad,momentsau,Directed,2366,,,1.0
proassad,bbcsport,Directed,2367,,,1.0
proassad,scuderiaferrari,Directed,2368,,,1.0
proassad,f1,Directed,2369,,,1.0
proassad,max33verstappen,Directed,2370,,,1.0
proassad,valtteribottas,Directed,2371,,,1.0
proassad,mercedesamgf1,Directed,2372,,,1.0
proassad,svandoorne,Directed,2373,,,1.0
proassad,ausgrandprix,Directed,2374,,,1.0
proassad,oconesteban,Directed,2375,,,1.0
proassad,forceindiaf1,Directed,2376,,,1.0
erickreynal,carlossainz55,Directed,2380,,,1.0
erickreynal,f1,Directed,2381,,,1.0
erickreynal,tororossospy,Directed,2382,,,1.0
erickreynal,kvyatofficial,Directed,2383,,,1.0
skysportf1hd,anto_giovinazzi,Directed,2385,,,1.0
vittoria510,anto_giovinazzi,Directed,2386,,,1.0
vittoria510,oconesteban,Directed,2387,,,1.0
vittoria510,skysportf1hd,Directed,2388,,,1.0
adhyra80,scuderiaferrari,Directed,2395,,,1.0
adhyra80,f1,Directed,2396,,,1.0
blueboopsc,kvyatofficial,Directed,2410,,,1.0
blueboopsc,ausgrandprix,Directed,2412,,,1.0
blueboopsc,wtf1official,Directed,2413,,,1.0
micholspalag,scuderiaferrari,Directed,2418,,,1.0
micholspalag,f1,Directed,2419,,,1.0
micholspalag,forof1paraguay,Directed,2420,,,1.0
januszcwikla,mercedesamgf1,Directed,2422,,,1.0
aitor10000,alo_oficial,Directed,2426,,,1.0
aitor10000,lewishamilton,Directed,2427,,,1.0
aitor10000,mercedesamgf1,Directed,2428,,,1.0
brianwalkerchi,mercedesamgf1,Directed,2468,,,1.0
brianwalkerchi,scuderiaferrari,Directed,2469,,,1.0
brianwalkerchi,f1,Directed,2470,,,1.0
mexicogp,mexicogp,Directed,2476,,,1.0
ozillemnoslen,formula1fanzone,Directed,2484,,,1.0
ozillemnoslen,scuderiaferrari,Directed,2485,,,1.0
ozillemnoslen,f1,Directed,2486,,,1.0
f1gate,f1gate,Directed,2487,,,1.0
robertoregalad,suttonimages,Directed,2499,,,1.0
robertoregalad,massafelipe19,Directed,2500,,,1.0
robertoregalad,williamsracing,Directed,2501,,,1.0
robertoregalad,scuderiaferrari,Directed,2502,,,1.0
robertoregalad,f1,Directed,2503,,,1.0
robertoregalad,forceindiaf1,Directed,2504,,,1.0
motorsport_ed,motorsport,Directed,2506,,,1.0
motorsport_ed,motorsport_ed,Directed,2507,,,1.0
f1fanatic_co_uk,f1fanatic_co_uk,Directed,2514,,,1.0
mireillebrigit,svandoorne,Directed,2532,,,1.0
mireillebrigit,andersonlaura12,Directed,2533,,,1.0
mireillebrigit,alexs1man,Directed,2534,,,1.0
mireillebrigit,danielricciardo,Directed,2535,,,1.0
mireillebrigit,redbullracing,Directed,2536,,,1.0
mireillebrigit,max33verstappen,Directed,2537,,,1.0
mireillebrigit,f1,Directed,2538,,,1.0
mireillebrigit,mclarenf1,Directed,2539,,,1.0
f1_paraguay,f1_paraguay,Directed,2540,,,1.0
forof1paraguay,f1_paraguay,Directed,2541,,,1.0
br1nster,therealdcf1,Directed,2551,,,1.0
br1nster,c4f1,Directed,2553,,,1.0
br1nster,skysportsf1,Directed,2554,,,1.0
br1nster,fia,Directed,2555,,,1.0
br1nster,f1,Directed,2556,,,1.0
a3formula1,a3formula1,Directed,2572,,,1.0
amsuazac,scuderiaferrari,Directed,2574,,,1.0
amsuazac,gianludale27,Directed,2575,,,1.0
amsuazac,f1,Directed,2576,,,1.0
patrick_henz,gianludale27,Directed,2579,,,1.0
filippo898,skytg24,Directed,2580,,,1.0
filippo898,f1_vettel,Directed,2583,,,1.0
filippo898,f1,Directed,2586,,,1.0
filippo898,valtteribottas,Directed,2587,,,1.0
filippo898,lewishamilton,Directed,2588,,,1.0
filippo898,skysportf1hd,Directed,2589,,,1.0
filippo898,scuderiaferrari,Directed,2590,,,1.0
filippo898,mercedesamgf1,Directed,2591,,,1.0
skysportf1hd,oconesteban,Directed,2600,,,1.0
spina_ls,skysportf1hd,Directed,2601,,,1.0
spina_ls,valtteribottas,Directed,2602,,,1.0
spina_ls,lewishamilton,Directed,2603,,,1.0
iamshaishak,f1,Directed,2613,,,1.0
iamshaishak,scuderiaferrari,Directed,2614,,,1.0
iamshaishak,danielricciardo,Directed,2615,,,1.0
beglamourf1,mclarenf1,Directed,2620,,,1.0
scuderia7,scuderia7,Directed,2632,,,1.0
amirkhanvaned,scuderia7,Directed,2633,,,1.0
amirkhanvaned,f1,Directed,2634,,,1.0
amirkhanvaned,scuderiaferrari,Directed,2635,,,1.0
oto_sports,oto_sports,Directed,2636,,,1.0
oto_sports,tororossospy,Directed,2637,,,1.0
oto_sports,scuderiaferrari,Directed,2638,,,1.0
_moscardino,_moscardino,Directed,2639,,,1.0
enricotornello,enricotornello,Directed,2641,,,1.0
gianludale27,gianludale27,Directed,2648,,,1.0
phonexfly,forceindiaf1,Directed,2652,,,1.0
phonexfly,scuderiaferrari,Directed,2653,,,1.0
phonexfly,f1,Directed,2654,,,1.0
lucaforti4,ausgrandprix,Directed,2656,,,1.0
lucaforti4,lewishamilton,Directed,2657,,,1.0
lucaforti4,danielricciardo,Directed,2658,,,1.0
niall_o87,scuderiaferrari,Directed,2662,,,1.0
niall_o87,f1,Directed,2663,,,1.0
drifdk,michaelcarus0,Directed,2666,,,1.0
drifdk,toddkellyracing,Directed,2667,,,1.0
drifdk,nissan_msport,Directed,2668,,,1.0
robertobaann,mercedesamgf1,Directed,2669,,,1.0
robertobaann,lewishamilton,Directed,2670,,,1.0
robertobaann,valtteribottas,Directed,2671,,,1.0
robertobaann,scuderiaferrari,Directed,2672,,,1.0
cheekycorini,ausgrandprix,Directed,2679,,,1.0
cheekycorini,tororossospy,Directed,2682,,,1.0
cheekycorini,danielricciardo,Directed,2683,,,1.0
cheekycorini,max33verstappen,Directed,2684,,,1.0
cheekycorini,redbullracing,Directed,2685,,,1.0
ikolataworld,scuderiaferrari,Directed,2701,,,1.0
ikolataworld,f1,Directed,2702,,,1.0
ikolataworld,ikolataworld,Directed,2703,,,1.0
samuelpalummo,skysportf1hd,Directed,2735,,,1.0
samuelpalummo,f1rai,Directed,2736,,,1.0
samuelpalummo,f1,Directed,2737,,,1.0
samuelpalummo,scuderiaferrari,Directed,2738,,,1.0
allvpologjes,scuderiafe,Directed,2747,,,1.0
allvpologjes,sebvettelnews,Directed,2748,,,1.0
allvpologjes,vettel_formel1,Directed,2749,,,1.0
natan_silva77,skysportsf1,Directed,2778,,,1.0
natan_silva77,lewishamilton,Directed,2779,,,1.0
natan_silva77,mercedesamgf1,Directed,2780,,,1.0
natan_silva77,williamsracing,Directed,2781,,,1.0
labebekiss,lewishamilton,Directed,2801,,,1.0
labebekiss,mercedesamgf1,Directed,2802,,,1.0
espectadepor,scuderiaferrari,Directed,2853,,,1.0
espectadepor,f1,Directed,2854,,,1.0
espectadepor,sebvettelnews,Directed,2855,,,1.0
lean_tperez,lewishamilton,Directed,2858,,,1.0
lean_tperez,mercedesamgf1,Directed,2859,,,1.0
lean_tperez,ausgrandprix,Directed,2860,,,1.0
lean_tperez,f1,Directed,2861,,,1.0
wagnercabbral,allthingsvettel,Directed,2879,,,1.0
wagnercabbral,sebvettelnews,Directed,2880,,,1.0
wagnercabbral,mralexf1,Directed,2881,,,1.0
alycienta_44,scuderiaferrari,Directed,2883,,,1.0
alycienta_44,f1,Directed,2884,,,1.0
rach_f1,rach_f1,Directed,2907,,,1.0
tokyo_to_japan,hondaracingf1,Directed,2926,,,1.0
tokyo_to_japan,mclarenf1,Directed,2927,,,1.0
tokyo_to_japan,scuderiaferrari,Directed,2928,,,1.0
tokyo_to_japan,f1,Directed,2929,,,1.0
jyc73,ausgrandprix,Directed,2933,,,1.0
jyc73,f1,Directed,2934,,,1.0
jyc73,scuderiaferrari,Directed,2935,,,1.0
filhopaulo2012,mercedesamgf1,Directed,2954,,,1.0
filhopaulo2012,formulahumor,Directed,2955,,,1.0
filhopaulo2012,allthingsvettel,Directed,2956,,,1.0
odamax41,f1,Directed,2959,,,1.0
matazaleras97,matazaleras97,Directed,2978,,,1.0
pratmech,oconesteban,Directed,3014,,,1.0
pratmech,forceindiaf1,Directed,3015,,,1.0
pratmech,f1,Directed,3016,,,1.0
pratmech,scuderiaferrari,Directed,3017,,,1.0
joyman007,joyman007,Directed,3037,,,1.0
joyman007,mercedesamgf1,Directed,3038,,,1.0
isabells7,oconesteban,Directed,3047,,,1.0
isabells7,forceindiaf1,Directed,3048,,,1.0
isabells7,f1,Directed,3049,,,1.0
isabells7,tororossospy,Directed,3050,,,1.0
isabells7,kvyatofficial,Directed,3051,,,1.0
isabells7,svandoorne,Directed,3052,,,1.0
jeseluna8,a3formula1,Directed,3056,,,1.0
jeseluna8,jeseluna8,Directed,3057,,,1.0
francovicente4,telemetricof1,Directed,3093,,,1.0
francovicente4,f1,Directed,3094,,,1.0
francovicente4,ausgrandprix,Directed,3095,,,1.0
lewis_angelo,movistar_f1,Directed,3110,,,1.0
lewis_angelo,noemidemiguel,Directed,3111,,,1.0
lewis_angelo,pirellisport,Directed,3112,,,1.0
elegbete1,valtteribottas,Directed,3113,,,1.0
elegbete1,lewishamilton,Directed,3114,,,1.0
sicial,sicial,Directed,3117,,,1.0
sicial,scuderiaferrari,Directed,3118,,,1.0
petersaddicted,gnsolito,Directed,3120,,,1.0
petersaddicted,scuderiaferrari,Directed,3121,,,1.0
petersaddicted,saetta_mcqueen,Directed,3123,,,1.0
anamariia_k,valtteribottas,Directed,3136,,,1.0
anamariia_k,mercedesamgf1,Directed,3137,,,1.0
motorsport_it,f1,Directed,3175,,,1.0
arthshelby,scuderiaferrari,Directed,3192,,,1.0
arthshelby,arthshelby,Directed,3193,,,1.0
julien_f1,wtf1official,Directed,3212,,,1.0
julien_f1,ausgrandprix,Directed,3213,,,1.0
julien_f1,f1,Directed,3214,,,1.0
portalwebperu,portalwebperu,Directed,3236,,,1.0
hashimamla03ha,aus_airforce,Directed,3253,,,1.0
hashimamla03ha,danielricciardo,Directed,3254,,,1.0
hashimamla03ha,redbullracing,Directed,3255,,,1.0
williammwangi,nico_rosberg,Directed,3272,,,1.0
williammwangi,valtteribottas,Directed,3273,,,1.0
williammwangi,lewishamilton,Directed,3274,,,1.0
williammwangi,mercedesamgf1,Directed,3275,,,1.0
giovannipalmeri,mercedesamgf1,Directed,3278,,,1.0
giovannipalmeri,scuderiaferrari,Directed,3279,,,1.0
giovannipalmeri,formulahumor,Directed,3280,,,1.0
john_stickel,valtteribottas,Directed,3291,,,1.0
john_stickel,mercedesamgf1,Directed,3292,,,1.0
jessychiap17,allthingsvettel,Directed,3303,,,1.0
jessychiap17,sebvettelnews,Directed,3304,,,1.0
jessychiap17,jessychiap17,Directed,3305,,,1.0
jessychiap17,scuderiaferrari,Directed,3306,,,1.0
1986juventus,scuderiaferrari,Directed,3310,,,1.0
_moscardino,scuderiaferrari,Directed,3324,,,1.0
_moscardino,f1,Directed,3325,,,1.0
mynameisdomii,lewishamilton,Directed,3338,,,1.0
mynameisdomii,mercedesamgf1,Directed,3339,,,1.0
mynameisdomii,valtteribottas,Directed,3340,,,1.0
megalomaxi92,forceindiaf1,Directed,3341,,,1.0
megalomaxi92,scuderiaferrari,Directed,3342,,,1.0
megalomaxi92,f1,Directed,3343,,,1.0
ashdawson147,mclarenf1,Directed,3362,,,1.0
ashdawson147,svandoorne,Directed,3363,,,1.0
kupsie91,scuderiaferrari,Directed,3365,,,1.0
kupsie91,mercedesamgf1,Directed,3366,,,1.0
kupsie91,valtteribottas,Directed,3367,,,1.0
jubilantgirl,skysportsf1,Directed,3380,,,1.0
jubilantgirl,valtteribottas,Directed,3381,,,1.0
jubilantgirl,mercedesamgf1,Directed,3382,,,1.0
briceoka,scuderiaferrari,Directed,3387,,,1.0
briceoka,f1,Directed,3388,,,1.0
briceoka,nico_rosberg,Directed,3389,,,1.0
briceoka,f1writers,Directed,3390,,,1.0
adolfomontalvop,scuderiaferrari,Directed,3397,,,1.0
adolfomontalvop,f1,Directed,3398,,,1.0
adolfomontalvop,aztecadeportes,Directed,3399,,,1.0
johnefekute,skysportsf1,Directed,3402,,,1.0
johnefekute,valtteribottas,Directed,3403,,,1.0
johnefekute,mercedesamgf1,Directed,3404,,,1.0
johnefekute,lewishamilton,Directed,3405,,,1.0
jess_car,f1,Directed,3408,,,1.0
jess_car,jess_car,Directed,3409,,,1.0
tigersolidsnake,scuderiaferrari,Directed,3422,,,1.0
tigersolidsnake,f1,Directed,3423,,,1.0
tigersolidsnake,sauberf1team,Directed,3424,,,1.0
ganedrarama,scuderiaferrari,Directed,3435,,,1.0
ganedrarama,ganedrarama,Directed,3436,,,1.0
amsinyeccion,scuderiaferrari,Directed,3446,,,1.0
amsinyeccion,f1,Directed,3447,,,1.0
amsinyeccion,scuderia7,Directed,3448,,,1.0
acarrilloa72,scuderiaferrari,Directed,3449,,,1.0
acarrilloa72,f1,Directed,3450,,,1.0
acarrilloa72,aztecadeportes,Directed,3451,,,1.0
pangianpiter,scuderiaferrari,Directed,3461,,,1.0
pangianpiter,f1,Directed,3462,,,1.0
factuallmpala,jaxx_f1,Directed,3464,,,1.0
factuallmpala,redbullracing,Directed,3465,,,1.0
darck_smocks,f1,Directed,3468,,,1.0
darck_smocks,aussiegrit,Directed,3469,,,1.0
darck_smocks,gnsolito,Directed,3470,,,1.0
darck_smocks,mercedesamgf1,Directed,3471,,,1.0
darck_smocks,scuderiaferrari,Directed,3472,,,1.0
darck_smocks,formulahumor,Directed,3473,,,1.0
simply_formula,simply_formula,Directed,3480,,,1.0
racetimeru,simply_formula,Directed,3481,,,1.0
racetimeru,racetimeru,Directed,3482,,,1.0
racetimeru,kvyatofficial,Directed,3483,,,1.0
racetimeru,tororossospy,Directed,3484,,,1.0
racetimeru,mercedesamgf1,Directed,3485,,,1.0
racetimeru,nico_rosberg,Directed,3486,,,1.0
nezuburu,scuderia7,Directed,3492,,,1.0
nezuburu,shanewarne,Directed,3493,,,1.0
nezuburu,f1hub,Directed,3494,,,1.0
nezuburu,danielricciardo,Directed,3495,,,1.0
nezuburu,ausgrandprix,Directed,3496,,,1.0
nestor_cudra,f1latinamerica,Directed,3501,,,1.0
nestor_cudra,f1,Directed,3502,,,1.0
nestor_cudra,laf1surcanal,Directed,3503,,,1.0
nestor_cudra,motorlat,Directed,3504,,,1.0
nestor_cudra,forof1paraguay,Directed,3505,,,1.0
nestor_cudra,scuderiaferrari,Directed,3506,,,1.0
h3r3w3g03,mercedesamgf1,Directed,3519,,,1.0
h3r3w3g03,valtteribottas,Directed,3520,,,1.0
f1gregory,alo_oficial,Directed,3521,,,1.0
f1gregory,max33verstappen,Directed,3522,,,1.0
f1gregory,redbullracing,Directed,3523,,,1.0
f1gregory,lewishamilton,Directed,3524,,,1.0
f1gregory,mercedesamgf1,Directed,3525,,,1.0
ryanlores,f1gregory,Directed,3526,,,1.0
ryanlores,tororossospy,Directed,3527,,,1.0
ryanlores,redbullracing,Directed,3528,,,1.0
ryanlores,max33verstappen,Directed,3529,,,1.0
carolbrnal,suttonimages,Directed,3552,,,1.0
carolbrnal,mercedesamgf1,Directed,3553,,,1.0
carolbrnal,lewishamilton,Directed,3554,,,1.0
tandarica48,mclarenf1,Directed,3558,,,1.0
tandarica48,svandoorne,Directed,3559,,,1.0
tandarica48,alo_oficial,Directed,3560,,,1.0
fred35warrior,sebvettelnews,Directed,3574,,,1.0
fred35warrior,iceman7news,Directed,3575,,,1.0
fred35warrior,f1,Directed,3576,,,1.0
fred35warrior,scuderiaferrari,Directed,3577,,,1.0
fred35warrior,f1fanatic_co_uk,Directed,3578,,,1.0
fred35warrior,kimsterindo,Directed,3579,,,1.0
agus420,rtlde,Directed,3586,,,1.0
agus420,f1,Directed,3587,,,1.0
agus420,podolski10,Directed,3588,,,1.0
agus420,scuderiaferrari,Directed,3589,,,1.0
nick_cat7,valtteribottas,Directed,3614,,,1.0
nick_cat7,lewishamilton,Directed,3615,,,1.0
nick_cat7,f1,Directed,3616,,,1.0
nick_cat7,mercedesamgf1,Directed,3617,,,1.0
io_miky,io_miky,Directed,3620,,,1.0
io_miky,nico_rosberg,Directed,3621,,,1.0
io_miky,scuderiaferrari,Directed,3622,,,1.0
real_reka_chips,lewishamilton,Directed,3624,,,1.0
real_reka_chips,mercedesamgf1,Directed,3625,,,1.0
real_reka_chips,ausgrandprix,Directed,3626,,,1.0
real_reka_chips,f1,Directed,3627,,,1.0
fiendkh__xlil,suttonimages,Directed,3642,,,1.0
fiendkh__xlil,mercedesamgf1,Directed,3643,,,1.0
fiendkh__xlil,lewishamilton,Directed,3644,,,1.0
clarosports,schecoperez,Directed,3675,,,1.0
soul23man,f1latinamerica,Directed,3680,,,1.0
soul23man,forof1paraguay,Directed,3681,,,1.0
soul23man,f1,Directed,3682,,,1.0
htswjgblues1,valtteribottas,Directed,3696,,,1.0
htswjgblues1,lewishamilton,Directed,3697,,,1.0
danielapili5,lewishamilton,Directed,3709,,,1.0
danielapili5,mercedesamgf1,Directed,3710,,,1.0
danielapili5,valtteribottas,Directed,3711,,,1.0
danielapili5,redbullracing,Directed,3712,,,1.0
juanbernalm,massafelipe19,Directed,3730,,,1.0
juanbernalm,paddylowe,Directed,3731,,,1.0
juanbernalm,williamsracing,Directed,3732,,,1.0
juanbernalm,valtteribottas,Directed,3733,,,1.0
juanbernalm,mercedesamgf1,Directed,3734,,,1.0
juanbernalm,forceindiaf1,Directed,3735,,,1.0
juanbernalm,oconesteban,Directed,3736,,,1.0
juanbernalm,max33verstappen,Directed,3737,,,1.0
juanbernalm,redbullracing,Directed,3738,,,1.0
juanbernalm,aus_airforce,Directed,3739,,,1.0
juanbernalm,danielricciardo,Directed,3740,,,1.0
iceman7mouse,iceman7news,Directed,3778,,,1.0
mapuxpohqvrc3bp,scuderiaferrari,Directed,3785,,,1.0
mapuxpohqvrc3bp,f1,Directed,3786,,,1.0
mapuxpohqvrc3bp,lewishamilton,Directed,3787,,,1.0
the_awesone_19,mattzel89,Directed,3789,,,1.0
the_awesone_19,laf1surcanal,Directed,3790,,,1.0
the_awesone_19,scuderiaferrari,Directed,3791,,,1.0
the_awesone_19,vettel_formel1,Directed,3792,,,1.0
stelvio_tahiru,valtteribottas,Directed,3793,,,1.0
stelvio_tahiru,lewishamilton,Directed,3794,,,1.0
stelvio_tahiru,f1,Directed,3795,,,1.0
stelvio_tahiru,mercedesamgf1,Directed,3796,,,1.0
vineshvnair,gianludale27,Directed,3834,,,1.0
vineshvnair,vineshvnair,Directed,3835,,,1.0
cronoyellow27,cronoyellow27,Directed,3839,,,1.0
santiravidlaspy,rtlde,Directed,3843,,,1.0
santiravidlaspy,podolski10,Directed,3844,,,1.0
santiravidlaspy,f1,Directed,3845,,,1.0
santiravidlaspy,scuderiaferrari,Directed,3846,,,1.0
skysport,danielricciardo,Directed,3848,,,1.0
jaxx_f1,bah_int_circuit,Directed,3865,,,1.0
eko_sap56963457,jaxx_f1,Directed,3866,,,1.0
eko_sap56963457,f1fanatic_co_uk,Directed,3867,,,1.0
eko_sap56963457,sebvettelnews,Directed,3868,,,1.0
eko_sap56963457,kimsterindo,Directed,3869,,,1.0
eko_sap56963457,a3formula1,Directed,3870,,,1.0
eko_sap56963457,motorsport,Directed,3871,,,1.0
tar_patri,scuderiaferrari,Directed,3881,,,1.0
tar_patri,allthingsvettel,Directed,3882,,,1.0
tar_patri,sebvettelnews,Directed,3883,,,1.0
tar_patri,mralexf1,Directed,3884,,,1.0
pietroserri,scuderiaferrari,Directed,3911,,,1.0
pietroserri,f1,Directed,3912,,,1.0
pietroserri,aztecadeportes,Directed,3913,,,1.0
stormjnyoureyes,mercedesamgf1,Directed,3917,,,1.0
stormjnyoureyes,scuderiaferrari,Directed,3918,,,1.0
stormjnyoureyes,formulahumor,Directed,3919,,,1.0
f1_daniel5,sebvettelnews,Directed,3922,,,1.0
f1_daniel5,bah_int_circuit,Directed,3923,,,1.0
tientamle,aus_airforce,Directed,3927,,,1.0
tientamle,danielricciardo,Directed,3928,,,1.0
tientamle,redbullracing,Directed,3929,,,1.0
smolenskyandrew,kimsterindo,Directed,3931,,,1.0
smolenskyandrew,kvyatofficial,Directed,3932,,,1.0
smolenskyandrew,tororossospy,Directed,3933,,,1.0
fishtrenado,f1,Directed,3934,,,1.0
mattyc16_,mattyc16_,Directed,3935,,,1.0
mattyc16_,scuderiaferrari,Directed,3936,,,1.0
mattyc16_,f1,Directed,3937,,,1.0
grantlawson80,scuderiaferrari,Directed,3942,,,1.0
grantlawson80,f1,Directed,3943,,,1.0
grantlawson80,skysportsf1,Directed,3944,,,1.0
felipeferrari19,oconesteban,Directed,3964,,,1.0
felipeferrari19,forceindiaf1,Directed,3965,,,1.0
felipeferrari19,f1,Directed,3966,,,1.0
endwnsud,mercedesamgf1,Directed,3972,,,1.0
endwnsud,scuderiaferrari,Directed,3973,,,1.0
endwnsud,formulahumor,Directed,3974,,,1.0
jenlove48,kimsterindo,Directed,3980,,,1.0
jenlove48,skytg24,Directed,3981,,,1.0
wimsadmojo,mercedesamgf1,Directed,3984,,,1.0
wimsadmojo,valtteribottas,Directed,3985,,,1.0
wimsadmojo,f1,Directed,3986,,,1.0
correntable,correntable,Directed,3989,,,1.0
correntable,f1rai,Directed,3990,,,1.0
correntable,formulahumor,Directed,3991,,,1.0
correntable,f1,Directed,3993,,,1.0
correntable,scuderiaferrari,Directed,3994,,,1.0
maresjuan7,scuderiaferrari,Directed,4013,,,1.0
maresjuan7,f1,Directed,4014,,,1.0
maresjuan7,aztecadeportes,Directed,4015,,,1.0
alexey0579,kvyatofficial,Directed,4025,,,1.0
alexey0579,tororossospy,Directed,4026,,,1.0
alexey0579,redbullracing,Directed,4027,,,1.0
mamamadisons,suttonimages,Directed,4039,,,1.0
mamamadisons,mercedesamgf1,Directed,4040,,,1.0
mamamadisons,lewishamilton,Directed,4041,,,1.0
motorsport,motorsport,Directed,4050,,,1.0
srose93,motorsport,Directed,4051,,,1.0
alexs1man,motorsport,Directed,4052,,,1.0
srose93,srose93,Directed,4053,,,1.0
alexs1man,srose93,Directed,4054,,,1.0
alexs1man,alexs1man,Directed,4055,,,1.0
amilcar07gm,valtteribottas,Directed,4057,,,1.0
amilcar07gm,mercedesamgf1,Directed,4058,,,1.0
cdl450tvr,bah_int_circuit,Directed,4063,,,1.0
cdl450tvr,valtteribottas,Directed,4064,,,1.0
cdl450tvr,mercedesamgf1,Directed,4065,,,1.0
albertoguaranda,oconesteban,Directed,4068,,,1.0
albertoguaranda,forceindiaf1,Directed,4069,,,1.0
albertoguaranda,f1,Directed,4070,,,1.0
flamminiog,scuderiaferrari,Directed,4073,,,1.0
flamminiog,f1,Directed,4074,,,1.0
flamminiog,danielricciardo,Directed,4076,,,1.0
flamminiog,skysportf1hd,Directed,4077,,,1.0
snktheone,sebvettelnews,Directed,4102,,,1.0
snktheone,mercedesamgf1,Directed,4103,,,1.0
snktheone,valtteribottas,Directed,4104,,,1.0
mattiacorti21,valtteribottas,Directed,4105,,,1.0
mattiacorti21,lewishamilton,Directed,4106,,,1.0
mattiacorti21,skysportf1hd,Directed,4107,,,1.0
mattiacorti21,scuderiaferrari,Directed,4108,,,1.0
negro_piero,gnsolito,Directed,4119,,,1.0
negro_piero,scuderiaferrari,Directed,4120,,,1.0
negro_piero,f1,Directed,4121,,,1.0
henry_albertof1,scuderiaferrari,Directed,4122,,,1.0
henry_albertof1,f1,Directed,4123,,,1.0
patrick_henz,scuderiaferrari,Directed,4131,,,1.0
patrick_henz,f1,Directed,4132,,,1.0
ezzy99_,max33verstappen,Directed,4168,,,1.0
ezzy99_,f1,Directed,4169,,,1.0
ezzy99_,scuderiaferrari,Directed,4170,,,1.0
alfredobravo17,f1,Directed,4173,,,1.0
alfredobravo17,f1latinamerica,Directed,4174,,,1.0
alfredobravo17,scuderiaferrari,Directed,4175,,,1.0
humbertodarold,a3formula1,Directed,4179,,,1.0
humbertodarold,f1fanatic_co_uk,Directed,4180,,,1.0
humbertodarold,valtteribottas,Directed,4181,,,1.0
humbertodarold,mercedesamgf1,Directed,4182,,,1.0
atljie,f1,Directed,4187,,,1.0
atljie,atljie,Directed,4188,,,1.0
aztecadeportes,scuderiaferrari,Directed,4205,,,1.0
aztecadeportes,f1,Directed,4206,,,1.0
nicolas58958140,aztecadeportes,Directed,4207,,,1.0
nicolas58958140,sebvettelnews,Directed,4208,,,1.0
nicolas58958140,laf1surcanal,Directed,4209,,,1.0
nicolas58958140,motorlat,Directed,4210,,,1.0
nicolas58958140,scuderiaferrari,Directed,4211,,,1.0
nicolas58958140,f1,Directed,4212,,,1.0
dan_rigsby,hulkhulkenberg,Directed,4213,,,1.0
webbeloz,scuderiaferrari,Directed,4222,,,1.0
webbeloz,f1,Directed,4223,,,1.0
russellstranspo,russellstranspo,Directed,4233,,,1.0
russellstranspo,a3formula1,Directed,4234,,,1.0
cates_97,scuderiaferrari,Directed,4238,,,1.0
cates_97,vettel_formel1,Directed,4239,,,1.0
cates_97,sebvettelnews,Directed,4240,,,1.0
simongbrooks,simongbrooks,Directed,4265,,,1.0
nickyfox22,hondaracingf1,Directed,4283,,,1.0
nickyfox22,wtf1official,Directed,4284,,,1.0
nickyfox22,sebvettelnews,Directed,4285,,,1.0
nickyfox22,svandoorne,Directed,4286,,,1.0
nickyfox22,mclarenf1,Directed,4287,,,1.0
nickyfox22,andersonlaura12,Directed,4288,,,1.0
americoscatena,skytg24,Directed,4291,,,1.0
americoscatena,anto_giovinazzi,Directed,4294,,,1.0
americoscatena,f1rai,Directed,4295,,,1.0
americoscatena,carlossainz55,Directed,4296,,,1.0
americoscatena,scuderiaferrari,Directed,4299,,,1.0
americoscatena,skysportf1hd,Directed,4300,,,1.0
americoscatena,valtteribottas,Directed,4301,,,1.0
americoscatena,lewishamilton,Directed,4302,,,1.0
americoscatena,formulahumor,Directed,4303,,,1.0
americoscatena,graftechweb,Directed,4304,,,1.0
americoscatena,vettel_formel1,Directed,4305,,,1.0
americoscatena,lovemaurizio,Directed,4306,,,1.0
americoscatena,alessandrosala1,Directed,4307,,,1.0
americoscatena,americoscatena,Directed,4308,,,1.0
americoscatena,tororossospy,Directed,4309,,,1.0
americoscatena,kvyatofficial,Directed,4310,,,1.0
americoscatena,alo_oficial,Directed,4311,,,1.0
lunaazul3003,mexicogp,Directed,4312,,,1.0
lunaazul3003,schecoperez,Directed,4313,,,1.0
lunaazul3003,scuderiaferrari,Directed,4314,,,1.0
yhacbec,lovemaurizio,Directed,4345,,,1.0
yhacbec,graftechweb,Directed,4347,,,1.0
yhacbec,alessandrosala1,Directed,4348,,,1.0
yhacbec,lewishamilton,Directed,4349,,,1.0
yhacbec,mercedesamgf1,Directed,4350,,,1.0
yhacbec,forceindiaf1,Directed,4351,,,1.0
yhacbec,vettel_formel1,Directed,4352,,,1.0
vettel_formel1,vettel_formel1,Directed,4357,,,1.0
vettel_formel1,scuderiaferrari,Directed,4358,,,1.0
isaias582,f1,Directed,4369,,,1.0
isaias582,ausgrandprix,Directed,4370,,,1.0
isaias582,scuderiaferrari,Directed,4371,,,1.0
dukeroba,ausgrandprix,Directed,4375,,,1.0
dukeroba,f1,Directed,4376,,,1.0
dukeroba,redbullracing,Directed,4377,,,1.0
goodwoodmar5hal,tororossospy,Directed,4378,,,1.0
goodwoodmar5hal,mclarenf1,Directed,4379,,,1.0
goodwoodmar5hal,scuderiaferrari,Directed,4380,,,1.0
goodwoodmar5hal,redbullracing,Directed,4381,,,1.0
goodwoodmar5hal,ausgrandprix,Directed,4382,,,1.0
goodwoodmar5hal,f1,Directed,4383,,,1.0
goodwoodmar5hal,valtteribottas,Directed,4384,,,1.0
goodwoodmar5hal,mercedesamgf1,Directed,4385,,,1.0
goodwoodmar5hal,skysportsf1,Directed,4386,,,1.0
niccydarling,scuderiaferrari,Directed,4389,,,1.0
niccydarling,f1,Directed,4390,,,1.0
niccydarling,sebvettelnews,Directed,4391,,,1.0
serycas,valtteribottas,Directed,4415,,,1.0
serycas,lewishamilton,Directed,4416,,,1.0
serycas,skysportf1hd,Directed,4417,,,1.0
miguell47314920,max33verstappen,Directed,4434,,,1.0
miguell47314920,scuderiaferrari,Directed,4435,,,1.0
miguell47314920,f1,Directed,4436,,,1.0
miguell47314920,ausgrandprix,Directed,4437,,,1.0
miguell47314920,svandoorne,Directed,4438,,,1.0
dan_rigsby,renaultsportf1,Directed,4452,,,1.0
dan_rigsby,f1fanatic_co_uk,Directed,4453,,,1.0
chrissiehotspur,dan_rigsby,Directed,4454,,,1.0
chrissiehotspur,mclarenf1,Directed,4458,,,1.0
andersonlaura12,andersonlaura12,Directed,4459,,,1.0
chrissiehotspur,andersonlaura12,Directed,4460,,,1.0
chrissiehotspur,forceindiaf1,Directed,4461,,,1.0
chrissiehotspur,sebvettelnews,Directed,4462,,,1.0
chrissiehotspur,svandoorne,Directed,4463,,,1.0
altavelocidadtv,scuderiaferrari,Directed,4487,,,1.0
altavelocidadtv,f1,Directed,4488,,,1.0
altavelocidadtv,altavelocidadtv,Directed,4489,,,1.0
delaclarinette,altavelocidadtv,Directed,4490,,,1.0
delaclarinette,scuderiaferrari,Directed,4491,,,1.0
delaclarinette,momentses,Directed,4492,,,1.0
adorvehim,mercedesamgf1,Directed,4498,,,1.0
adorvehim,scuderiaferrari,Directed,4499,,,1.0
adorvehim,formulahumor,Directed,4500,,,1.0
bizzartino,scuderiaferrari,Directed,4505,,,1.0
bizzartino,f1,Directed,4506,,,1.0
bizzartino,ausgrandprix,Directed,4507,,,1.0
jeejily,valtteribottas,Directed,4518,,,1.0
jeejily,mercedesamgf1,Directed,4519,,,1.0
jeejily,lewishamilton,Directed,4520,,,1.0
jeejily,redbullracing,Directed,4521,,,1.0
jeejily,ausgrandprix,Directed,4522,,,1.0
jeejily,f1,Directed,4523,,,1.0
federicolescano,scuderiaferrari,Directed,4529,,,1.0
federicolescano,federicolescano,Directed,4530,,,1.0
dennybartowski,dennybartowski,Directed,4546,,,1.0
dennybartowski,scuderiaferrari,Directed,4547,,,1.0
skysportf1hd,danielricciardo,Directed,4584,,,1.0
paciucci_olga,skysportf1hd,Directed,4585,,,1.0
paciucci_olga,scuderiaferrari,Directed,4586,,,1.0
paciucci_olga,f1,Directed,4587,,,1.0
paciucci_olga,danielricciardo,Directed,4588,,,1.0
avracing6,f1_vettel,Directed,4592,,,1.0
avracing6,mercedesamgf1,Directed,4593,,,1.0
avracing6,scuderiaferrari,Directed,4594,,,1.0
serafinicole,mercedesamgf1,Directed,4600,,,1.0
serafinicole,lewishamilton,Directed,4601,,,1.0
serafinicole,scuderiaferrari,Directed,4602,,,1.0
serafinicole,valtteribottas,Directed,4603,,,1.0
crazymkenya,valtteribottas,Directed,4607,,,1.0
crazymkenya,f1,Directed,4608,,,1.0
crazymkenya,mercedesamgf1,Directed,4609,,,1.0
c4f1,c4f1,Directed,4611,,,1.0
c4f1,danielricciardo,Directed,4612,,,1.0
lellilorenzo5,scuderiaferrari,Directed,4614,,,1.0
momentses,momentses,Directed,4615,,,1.0
aztecaguate,aztecaguate,Directed,4623,,,1.0
kaenkay,ausgrandprix,Directed,4629,,,1.0
kaenkay,f1,Directed,4630,,,1.0
kaenkay,mercedesamgf1,Directed,4631,,,1.0
kaenkay,valtteribottas,Directed,4632,,,1.0
willie_blanton,mercedesamgf1,Directed,4635,,,1.0
willie_blanton,lewishamilton,Directed,4636,,,1.0
willie_blanton,scuderiaferrari,Directed,4637,,,1.0
willie_blanton,f1,Directed,4638,,,1.0
abschile,enricotornello,Directed,4644,,,1.0
abschile,a3formula1,Directed,4646,,,1.0
abschile,masterlap_com,Directed,4649,,,1.0
abschile,nico_rosberg,Directed,4650,,,1.0
abschile,scuderiaferrari,Directed,4651,,,1.0
abschile,soy_f1,Directed,4652,,,1.0
abschile,laf1surcanal,Directed,4653,,,1.0
abschile,motorlat,Directed,4654,,,1.0
abschile,telemetricof1,Directed,4655,,,1.0
maui27575,formulahumor,Directed,4657,,,1.0
maui27575,mercedesamgf1,Directed,4658,,,1.0
maui27575,scuderiaferrari,Directed,4659,,,1.0
saporteza,lewishamilton,Directed,4663,,,1.0
saporteza,mercedesamgf1,Directed,4664,,,1.0
saporteza,valtteribottas,Directed,4665,,,1.0
redbullracing,redbullracing,Directed,4678,,,1.0
mercedesamgf1,valtteribottas,Directed,4691,,,1.0
seby_bastian,aussiegrit,Directed,4703,,,1.0
seby_bastian,alo_oficial,Directed,4704,,,1.0
seby_bastian,danielricciardo,Directed,4705,,,1.0
seby_bastian,f1,Directed,4706,,,1.0
seby_bastian,lewishamilton,Directed,4707,,,1.0
seby_bastian,mercedesamgf1,Directed,4708,,,1.0
mercedesamgf1,lewishamilton,Directed,4713,,,1.0
mercedesamgf1,mercedesamgf1,Directed,4715,,,1.0
dburgersdijk,f1,Directed,4718,,,1.0
yas_ivettel,allthingsvettel,Directed,4727,,,1.0
yas_ivettel,mralexf1,Directed,4728,,,1.0
yas_ivettel,sebvettelnews,Directed,4729,,,1.0
yas_ivettel,scuderiaferrari,Directed,4730,,,1.0
yas_ivettel,f1,Directed,4731,,,1.0
forof1paraguay,f1,Directed,4732,,,1.0
djpbut,mattzel89,Directed,4734,,,1.0
automovilclick,telemetricof1,Directed,4738,,,1.0
automovilclick,laf1surcanal,Directed,4739,,,1.0
automovilclick,motorlat,Directed,4740,,,1.0
automovilclick,soy_f1,Directed,4741,,,1.0
forof1paraguay,forof1paraguay,Directed,4742,,,1.0
bailo18lorena,skytg24,Directed,4758,,,1.0
bailo18lorena,valtteribottas,Directed,4759,,,1.0
bailo18lorena,lewishamilton,Directed,4760,,,1.0
bailo18lorena,skysportf1hd,Directed,4761,,,1.0
bailo18lorena,scuderiaferrari,Directed,4762,,,1.0
hedelmelo,f1,Directed,4771,,,1.0
hedelmelo,mercedesamgf1,Directed,4772,,,1.0
hedelmelo,valtteribottas,Directed,4773,,,1.0
trbu56,f1,Directed,4800,,,1.0
trbu56,oconesteban,Directed,4801,,,1.0
trbu56,forceindiaf1,Directed,4802,,,1.0
thaisbehs,redbullracing,Directed,4826,,,1.0
thaisbehs,tororossospy,Directed,4827,,,1.0
thaisbehs,danielricciardo,Directed,4828,,,1.0
godoy7967,f1latinamerica,Directed,4855,,,1.0
godoy7967,valtteribottas,Directed,4856,,,1.0
godoy7967,f1,Directed,4857,,,1.0
berch_7,valtteribottas,Directed,4868,,,1.0
berch_7,lewishamilton,Directed,4869,,,1.0
berch_7,skysportf1hd,Directed,4870,,,1.0
siddiqbashar,gianludale27,Directed,4885,,,1.0
siddiqbashar,f1,Directed,4886,,,1.0
siddiqbashar,scuderiaferrari,Directed,4887,,,1.0
siddiqbashar,redbullracing,Directed,4888,,,1.0
naz3em,scuderiaferrari,Directed,4892,,,1.0
naz3em,svandoorne,Directed,4893,,,1.0
naz3em,f1,Directed,4894,,,1.0
agus420,f1_paraguay,Directed,4895,,,1.0
cineriz,kvyatofficial,Directed,4903,,,1.0
cineriz,tororossospy,Directed,4904,,,1.0
cineriz,carlossainz55,Directed,4905,,,1.0
kkkrisuuu,scuderiaferrari,Directed,4923,,,1.0
kkkrisuuu,mercedesamgf1,Directed,4924,,,1.0
kkkrisuuu,valtteribottas,Directed,4925,,,1.0
ffsgiovinco,scuderiaferrari,Directed,4937,,,1.0
ffsgiovinco,f1,Directed,4938,,,1.0
jero_charlone,f1,Directed,4943,,,1.0
jero_charlone,suttonimages,Directed,4944,,,1.0
jero_charlone,mercedesamgf1,Directed,4945,,,1.0
jero_charlone,lewishamilton,Directed,4946,,,1.0
josephf198,scuderiaferrari,Directed,4995,,,1.0
josephf198,f1,Directed,4996,,,1.0
sarafer91906692,oconesteban,Directed,5006,,,1.0
sarafer91906692,anto_giovinazzi,Directed,5007,,,1.0
sarafer91906692,skysportf1hd,Directed,5008,,,1.0
mcrisever,pirellisport,Directed,5030,,,1.0
mcrisever,scuderiaferrari,Directed,5031,,,1.0
mcrisever,f1,Directed,5032,,,1.0
cdjlvv,scuderiaferrari,Directed,5034,,,1.0
cdjlvv,f1,Directed,5035,,,1.0
cdjlvv,schecoperez,Directed,5036,,,1.0
danielsahne94,mercedesamgf1,Directed,5040,,,1.0
mireillebrigit,forceindiaf1,Directed,5073,,,1.0
mireillebrigit,massafelipe19,Directed,5074,,,1.0
mireillebrigit,williamsracing,Directed,5075,,,1.0
mireillebrigit,fia_formula_1,Directed,5076,,,1.0
maiky_spindle,lewishamilton,Directed,5089,,,1.0
maiky_spindle,alo_oficial,Directed,5090,,,1.0
maiky_spindle,mercedesamgf1,Directed,5091,,,1.0
camigl10,scuderiaferrari,Directed,5095,,,1.0
beglamourf1,valtteribottas,Directed,5114,,,1.0
beglamourf1,f1,Directed,5115,,,1.0
beglamourf1,scuderiaferrari,Directed,5116,,,1.0
krloscm_,scuderiaferrari,Directed,5122,,,1.0
krloscm_,f1,Directed,5123,,,1.0
krloscm_,skysportsf1,Directed,5124,,,1.0
robinso47933191,f1,Directed,5131,,,1.0
robinso47933191,mercedesamgf1,Directed,5132,,,1.0
robinso47933191,valtteribottas,Directed,5133,,,1.0
georgeyhowson95,essaargp,Directed,5134,,,1.0
georgeyhowson95,ajl_f1,Directed,5135,,,1.0
scud3k_,scud3k_,Directed,5143,,,1.0
knightcharon,mclarenf1,Directed,5153,,,1.0
knightcharon,svandoorne,Directed,5154,,,1.0
knightcharon,f1,Directed,5155,,,1.0
knightcharon,scuderiaferrari,Directed,5156,,,1.0
scarro_ny,oconesteban,Directed,5169,,,1.0
scarro_ny,anto_giovinazzi,Directed,5170,,,1.0
scarro_ny,skysportf1hd,Directed,5171,,,1.0
patrick_henz,fansofkr,Directed,5174,,,1.0
beltramopaolo,oconesteban,Directed,5176,,,1.0
beltramopaolo,anto_giovinazzi,Directed,5177,,,1.0
beltramopaolo,skysportf1hd,Directed,5178,,,1.0
jgrodriguesf,masterlap_com,Directed,5207,,,1.0
jgrodriguesf,valtteribottas,Directed,5208,,,1.0
jgrodriguesf,lewishamilton,Directed,5209,,,1.0
fansofkr,fansofkr,Directed,5214,,,1.0
fersantangelo,fansofkr,Directed,5215,,,1.0
fersantangelo,enricotornello,Directed,5216,,,1.0
fersantangelo,scuderiaferrari,Directed,5217,,,1.0
fersantangelo,vettel_formel1,Directed,5218,,,1.0
fersantangelo,scuderiafe,Directed,5219,,,1.0
fersantangelo,sebvettelnews,Directed,5220,,,1.0
fersantangelo,gianludale27,Directed,5221,,,1.0
videsjavi,gianludale27,Directed,5225,,,1.0
videsjavi,scuderiaferrari,Directed,5226,,,1.0
videsjavi,f1,Directed,5227,,,1.0
natan_silva77,scuderiaferrari,Directed,5235,,,1.0
natan_silva77,f1,Directed,5236,,,1.0
yt5528,lewishamilton,Directed,5237,,,1.0
yt5528,alo_oficial,Directed,5238,,,1.0
yt5528,mercedesamgf1,Directed,5239,,,1.0
adhyra80,renaultsportf1,Directed,5241,,,1.0
yhacbec,f1,Directed,5242,,,1.0
yhacbec,sebvettelnews,Directed,5243,,,1.0
yhacbec,allthingsvettel,Directed,5244,,,1.0
kendizzlex3,scuderiaferrari,Directed,5245,,,1.0
kendizzlex3,f1,Directed,5246,,,1.0
danielapili5,pieroladisa,Directed,5258,,,1.0
hzq_hzmn,scuderiaferrari,Directed,5259,,,1.0
hzq_hzmn,f1,Directed,5260,,,1.0
hzq_hzmn,redbullracing,Directed,5261,,,1.0
abaza738,f1,Directed,5269,,,1.0
omega112,scuderiaferrari,Directed,5271,,,1.0
omega112,f1,Directed,5272,,,1.0
omega112,lewishamilton,Directed,5273,,,1.0
steffylucchy,valtteribottas,Directed,5274,,,1.0
steffylucchy,lewishamilton,Directed,5275,,,1.0
steffylucchy,skysportf1hd,Directed,5276,,,1.0
henry_albertof1,mexicogp,Directed,5280,,,1.0
2323232gshgsh,aus_airforce,Directed,5282,,,1.0
2323232gshgsh,danielricciardo,Directed,5283,,,1.0
2323232gshgsh,redbullracing,Directed,5284,,,1.0
lilivpan,renaultsportf1,Directed,5285,,,1.0
lilivpan,max33verstappen,Directed,5286,,,1.0
lilivpan,f1,Directed,5287,,,1.0
lilivpan,ausgrandprix,Directed,5288,,,1.0
lilivpan,gnsolito,Directed,5289,,,1.0
lilivpan,mercedesamgf1,Directed,5290,,,1.0
lilivpan,scuderiaferrari,Directed,5291,,,1.0
lilivpan,formulahumor,Directed,5292,,,1.0
lilivpan,scuderia7,Directed,5293,,,1.0
pimsterenberg,elierizkf1,Directed,5301,,,1.0
pimsterenberg,scuderiaferrari,Directed,5302,,,1.0
pimsterenberg,gianludale27,Directed,5303,,,1.0
pimsterenberg,sebvettelnews,Directed,5304,,,1.0
pimsterenberg,skysportsf1,Directed,5305,,,1.0
iceman7mouse,scuderiaferrari,Directed,5315,,,1.0
iceman7mouse,f1,Directed,5316,,,1.0
amsuazac,mralexf1,Directed,5323,,,1.0
amsuazac,sebvettelnews,Directed,5324,,,1.0
amsuazac,allthingsvettel,Directed,5325,,,1.0
oto_sports,redbullracing,Directed,5367,,,1.0
oto_sports,f1,Directed,5368,,,1.0
oto_sports,pirellisport,Directed,5369,,,1.0
oto_sports,valtteribottas,Directed,5370,,,1.0
oto_sports,mercedesamgf1,Directed,5371,,,1.0
rodrigopablopot,scuderiaferrari,Directed,5381,,,1.0
rodrigopablopot,f1,Directed,5382,,,1.0
rodrigopablopot,ausgrandprix,Directed,5383,,,1.0
motorsport_it,oconesteban,Directed,5384,,,1.0
motorsport_it,schecoperez,Directed,5385,,,1.0
baulemargherite,oconesteban,Directed,5386,,,1.0
baulemargherite,anto_giovinazzi,Directed,5387,,,1.0
baulemargherite,skysportf1hd,Directed,5388,,,1.0
lelecoccia,suttonimages,Directed,5434,,,1.0
lelecoccia,mercedesamgf1,Directed,5435,,,1.0
lelecoccia,lewishamilton,Directed,5436,,,1.0
portalwebperu,scuderiaferrari,Directed,5469,,,1.0
portalwebperu,f1,Directed,5470,,,1.0
joseotero773,mclarenf1,Directed,5492,,,1.0
joseotero773,scuderiaferrari,Directed,5493,,,1.0
joseotero773,f1,Directed,5494,,,1.0
cronoyellow27,anto_giovinazzi,Directed,5497,,,1.0
explenture,mercedesamgf1,Directed,5509,,,1.0
explenture,valtteribottas,Directed,5510,,,1.0
explenture,scuderiaferrari,Directed,5511,,,1.0
explenture,f1,Directed,5512,,,1.0
rajkumar_starz,mercedesamgf1,Directed,5513,,,1.0
rajkumar_starz,scuderiaferrari,Directed,5514,,,1.0
rajkumar_starz,formulahumor,Directed,5515,,,1.0
labebekiss,suttonimages,Directed,5522,,,1.0
juanbernalm,enricotornello,Directed,5523,,,1.0
juanbernalm,scuderiaferrari,Directed,5524,,,1.0
juanbernalm,f1,Directed,5525,,,1.0
lellilorenzo5,lewishamilton,Directed,5526,,,1.0
lellilorenzo5,mercedesamgf1,Directed,5527,,,1.0
carlitosj2011,carlitosj2011,Directed,5540,,,1.0
niall_o87,oconesteban,Directed,5542,,,1.0
niall_o87,forceindiaf1,Directed,5543,,,1.0
niall_o87,therealdcf1,Directed,5544,,,1.0
niall_o87,c4f1,Directed,5545,,,1.0
andrea90f1,kvyatofficial,Directed,5546,,,1.0
andrea90f1,andrea90f1,Directed,5547,,,1.0
kate_samayoa,allthingsvettel,Directed,5549,,,1.0
kate_samayoa,sebvettelnews,Directed,5550,,,1.0
kate_samayoa,scuderiaferrari,Directed,5551,,,1.0
kate_samayoa,f1,Directed,5552,,,1.0
nori_333,lewishamilton,Directed,5553,,,1.0
nori_333,alo_oficial,Directed,5554,,,1.0
nori_333,mercedesamgf1,Directed,5555,,,1.0
markel_tyler,scuderiaferrari,Directed,5564,,,1.0
markel_tyler,f1,Directed,5565,,,1.0
markel_tyler,ausgrandprix,Directed,5566,,,1.0
markel_tyler,mercedesamgf1,Directed,5567,,,1.0
markel_tyler,formulahumor,Directed,5568,,,1.0
aniketkhomane,ausgrandprix,Directed,5602,,,1.0
aniketkhomane,f1,Directed,5603,,,1.0
aniketkhomane,valtteribottas,Directed,5604,,,1.0
aniketkhomane,max33verstappen,Directed,5605,,,1.0
f1_girl_sv,andersonlaura12,Directed,5619,,,1.0
f1_girl_sv,renaultsportf1,Directed,5620,,,1.0
f1_girl_sv,f1,Directed,5621,,,1.0
f1_girl_sv,scuderiaferrari,Directed,5622,,,1.0
f1_girl_sv,gianludale27,Directed,5623,,,1.0
fatimazahra_s,scuderiaferrari,Directed,5628,,,1.0
fatimazahra_s,f1,Directed,5629,,,1.0
fatimazahra_s,fatimazahra_s,Directed,5630,,,1.0
amilcar07gm,alayzell20297,Directed,5632,,,1.0
amilcar07gm,essaarmsport,Directed,5633,,,1.0
amilcar07gm,nico_rosberg,Directed,5634,,,1.0
amilcar07gm,tororossospy,Directed,5636,,,1.0
januszcwikla,lewishamilton,Directed,5663,,,1.0
januszcwikla,valtteribottas,Directed,5664,,,1.0
januszcwikla,redbullracing,Directed,5665,,,1.0
januszcwikla,f1,Directed,5666,,,1.0
januszcwikla,scuderiaferrari,Directed,5667,,,1.0
andsonthacizio,scuderiaferrari,Directed,5676,,,1.0
andsonthacizio,f1,Directed,5677,,,1.0
andsonthacizio,mercedesamgf1,Directed,5678,,,1.0
andsonthacizio,valtteribottas,Directed,5679,,,1.0
marcos12091989,f1,Directed,5684,,,1.0
marcos12091989,anto_giovinazzi,Directed,5685,,,1.0
marcos12091989,oconesteban,Directed,5686,,,1.0
marcos12091989,forceindiaf1,Directed,5687,,,1.0
marcos12091989,wtf1official,Directed,5688,,,1.0
sftifosigr1,iceman7news,Directed,5691,,,1.0
sftifosigr1,scuderiaferrari,Directed,5692,,,1.0
sftifosigr1,sebvettelnews,Directed,5693,,,1.0
udithaumesh,therealdcf1,Directed,5702,,,1.0
udithaumesh,c4f1,Directed,5703,,,1.0
udithaumesh,redbullracing,Directed,5704,,,1.0
carvajavo,enricotornello,Directed,5710,,,1.0
bruce_lee23,f1,Directed,5734,,,1.0
bruce_lee23,scuderiaferrari,Directed,5735,,,1.0
bruce_lee23,mercedesamgf1,Directed,5736,,,1.0
xvillalba1,valtteribottas,Directed,5747,,,1.0
xvillalba1,f1,Directed,5748,,,1.0
xvillalba1,mercedesamgf1,Directed,5749,,,1.0
xvillalba1,lewishamilton,Directed,5750,,,1.0
f1ygolf,soy_f1,Directed,5757,,,1.0
f1ygolf,enricotornello,Directed,5758,,,1.0
allischacon,f1ygolf,Directed,5759,,,1.0
allischacon,scuderiaferrari,Directed,5760,,,1.0
allischacon,soy_f1,Directed,5761,,,1.0
fabi59460,f1,Directed,5766,,,1.0
fabi59460,danielricciardo,Directed,5767,,,1.0
fabi59460,scuderiaferrari,Directed,5768,,,1.0
fabi59460,oconesteban,Directed,5769,,,1.0
fabi59460,forceindiaf1,Directed,5770,,,1.0
fabi59460,ausgrandprix,Directed,5771,,,1.0
fabi59460,svandoorne,Directed,5772,,,1.0
fabi59460,mercedesamgf1,Directed,5773,,,1.0
fabi59460,valtteribottas,Directed,5774,,,1.0
fabi59460,max33verstappen,Directed,5775,,,1.0
william50386522,f1,Directed,5794,,,1.0
filippo898,gianludale27,Directed,5825,,,1.0
deportivamich,deportivamich,Directed,5847,,,1.0
deportivamich,schecoperez,Directed,5848,,,1.0
pvshatunov,mercedesamgf1,Directed,5872,,,1.0
pvshatunov,valtteribottas,Directed,5873,,,1.0
pvshatunov,scuderiaferrari,Directed,5874,,,1.0
jorge_rebe12,lewishamilton,Directed,5891,,,1.0
jorge_rebe12,alo_oficial,Directed,5892,,,1.0
jorge_rebe12,mercedesamgf1,Directed,5893,,,1.0
cheekycorini,channel4,Directed,5917,,,1.0
cheekycorini,ericsson_marcus,Directed,5918,,,1.0
cheekycorini,anto_giovinazzi,Directed,5919,,,1.0
cheekycorini,paddylowe,Directed,5920,,,1.0
cheekycorini,kvyatofficial,Directed,5921,,,1.0
cheekycorini,haasf1team,Directed,5923,,,1.0
cheekycorini,renaultsportf1,Directed,5924,,,1.0
cheekycorini,svandoorne,Directed,5925,,,1.0
cheekycorini,f1,Directed,5926,,,1.0
cheekycorini,suttonimages,Directed,5927,,,1.0
cheekycorini,mercedesamgf1,Directed,5928,,,1.0
cheekycorini,lewishamilton,Directed,5929,,,1.0
cheekycorini,aus_airforce,Directed,5930,,,1.0
cheekycorini,skysportsf1,Directed,5931,,,1.0
cheekycorini,hulkhulkenberg,Directed,5932,,,1.0
cheekycorini,scuderiaferrari,Directed,5933,,,1.0
cheekycorini,therealdcf1,Directed,5934,,,1.0
cheekycorini,c4f1,Directed,5935,,,1.0
cheekycorini,valtteribottas,Directed,5936,,,1.0
cheekycorini,aussiegrit,Directed,5937,,,1.0
cheekycorini,mclarenf1,Directed,5938,,,1.0
cheekycorini,sauberf1team,Directed,5939,,,1.0
cheekycorini,oconesteban,Directed,5940,,,1.0
cheekycorini,williamsracing,Directed,5941,,,1.0
cheekycorini,massafelipe19,Directed,5942,,,1.0
cheekycorini,forceindiaf1,Directed,5943,,,1.0
cheekycorini,f1fanatic_co_uk,Directed,5944,,,1.0
cheekycorini,carlossainz55,Directed,5945,,,1.0
lucasdeu,scuderiaferrari,Directed,5963,,,1.0
lucasdeu,f1,Directed,5964,,,1.0
lucasdeu,wtf1official,Directed,5965,,,1.0
evenstarsaima,scuderiaferrari,Directed,5973,,,1.0
evenstarsaima,f1,Directed,5974,,,1.0
evenstarsaima,pirellisport,Directed,5975,,,1.0
teamamgf1,mercedesamgf1,Directed,5985,,,1.0
teamamgf1,valtteribottas,Directed,5986,,,1.0
teamamgf1,lewishamilton,Directed,5987,,,1.0
teamamgf1,ausgrandprix,Directed,5988,,,1.0
teamamgf1,f1,Directed,5989,,,1.0
teamamgf1,oconesteban,Directed,5990,,,1.0
webbeloz,webbeloz,Directed,5997,,,1.0
john_stickel,scuderiaferrari,Directed,6000,,,1.0
john_stickel,f1,Directed,6001,,,1.0
willie_blanton,willie_blanton,Directed,6015,,,1.0
brunocaetanome2,lewishamilton,Directed,6032,,,1.0
brunocaetanome2,alo_oficial,Directed,6033,,,1.0
brunocaetanome2,mercedesamgf1,Directed,6034,,,1.0
afuerstenberg17,aussiegrit,Directed,6042,,,1.0
afuerstenberg17,scuderiaferrari,Directed,6043,,,1.0
afuerstenberg17,f1,Directed,6044,,,1.0
distandrea,valtteribottas,Directed,6057,,,1.0
distandrea,lewishamilton,Directed,6058,,,1.0
distandrea,skysportf1hd,Directed,6059,,,1.0
darioarv,scuderiaferrari,Directed,6064,,,1.0
darioarv,enricotornello,Directed,6065,,,1.0
darioarv,f1,Directed,6066,,,1.0
svandoornefans,svandoornefans,Directed,6079,,,1.0
svandoornefans,f1,Directed,6080,,,1.0
rickdamerau,sebvettelnews,Directed,6086,,,1.0
rickdamerau,scuderiaferrari,Directed,6087,,,1.0
rickdamerau,f1,Directed,6088,,,1.0
dburgersdijk,scuderiaferrari,Directed,6093,,,1.0
dburgersdijk,pirellisport,Directed,6094,,,1.0
martincandiab,laf1surcanal,Directed,6102,,,1.0
martincandiab,motorlat,Directed,6103,,,1.0
martincandiab,enricotornello,Directed,6104,,,1.0
joanne7r,lewishamilton,Directed,6115,,,1.0
joanne7r,mercedesamgf1,Directed,6116,,,1.0
joanne7r,f1,Directed,6117,,,1.0
profesor_zeta,enricotornello,Directed,6120,,,1.0
profesor_zeta,scuderiaferrari,Directed,6121,,,1.0
profesor_zeta,f1,Directed,6122,,,1.0
nicosmyhusband6,scuderiaferrari,Directed,6123,,,1.0
nicosmyhusband6,f1,Directed,6124,,,1.0
nicosmyhusband6,formulahumor,Directed,6125,,,1.0
bhaskarsingh818,suttonimages,Directed,6131,,,1.0
bhaskarsingh818,lewishamilton,Directed,6133,,,1.0
bhaskarsingh818,mercedesamgf1,Directed,6134,,,1.0
bhaskarsingh818,scuderiaferrari,Directed,6135,,,1.0
bhaskarsingh818,f1,Directed,6136,,,1.0
lucacapvt,sebvettelnews,Directed,6146,,,1.0
lucacapvt,scuderiaferrari,Directed,6147,,,1.0
lucacapvt,mercedesamgf1,Directed,6148,,,1.0
lucacapvt,formulahumor,Directed,6149,,,1.0
ritaaladeen5,scuderiaferrari,Directed,6162,,,1.0
ritaaladeen5,f1,Directed,6163,,,1.0
ritaaladeen5,nico_rosberg,Directed,6164,,,1.0
hadymawasy,f1,Directed,6167,,,1.0
hadymawasy,mercedesamgf1,Directed,6168,,,1.0
hadymawasy,valtteribottas,Directed,6169,,,1.0
matthewnotmatt,f1,Directed,6185,,,1.0
matthewnotmatt,skysportsf1,Directed,6186,,,1.0
matthewnotmatt,scuderiaferrari,Directed,6187,,,1.0
cuscorepublica,scuderiaferrari,Directed,6193,,,1.0
cuscorepublica,f1,Directed,6194,,,1.0
cuscorepublica,max33verstappen,Directed,6195,,,1.0
cuscorepublica,ausgrandprix,Directed,6196,,,1.0
cuscorepublica,valtteribottas,Directed,6197,,,1.0
nrothien,scuderiaferrari,Directed,6200,,,1.0
nrothien,f1,Directed,6201,,,1.0
nrothien,vettel_formel1,Directed,6202,,,1.0
nrothien,sebvettelnews,Directed,6203,,,1.0
charlybrown93,lewishamilton,Directed,6210,,,1.0
charlybrown93,alo_oficial,Directed,6211,,,1.0
charlybrown93,mercedesamgf1,Directed,6212,,,1.0
filhopaulo2012,gianludale27,Directed,6226,,,1.0
filhopaulo2012,ausgrandprix,Directed,6227,,,1.0
_dieciagosto,pieroladisa,Directed,6230,,,1.0
_dieciagosto,dursti85,Directed,6231,,,1.0
_dieciagosto,elisagaggioli,Directed,6232,,,1.0
_dieciagosto,f1,Directed,6233,,,1.0
_dieciagosto,gianludale27,Directed,6234,,,1.0
ashdawson147,ashdawson147,Directed,6243,,,1.0
ashdawson147,wtf1official,Directed,6244,,,1.0
lucasisabella57,scuderiaferrari,Directed,6246,,,1.0
lucasisabella57,f1,Directed,6247,,,1.0
lucasisabella57,enricotornello,Directed,6248,,,1.0
arseniy1980,motorsport,Directed,6263,,,1.0
torillo59,ferrarinelcuore,Directed,6264,,,1.0
torillo59,scuderiaferrari,Directed,6265,,,1.0
torillo59,skysportf1hd,Directed,6266,,,1.0
torillo59,sebvettelnews,Directed,6267,,,1.0
tandarica48,f1,Directed,6275,,,1.0
osorioedgar10,mercedesamgf1,Directed,6279,,,1.0
osorioedgar10,scuderiaferrari,Directed,6280,,,1.0
osorioedgar10,formulahumor,Directed,6281,,,1.0
grandprixfundf1,scuderiaferrari,Directed,6290,,,1.0
grandprixfundf1,mercedesamgf1,Directed,6291,,,1.0
grandprixfundf1,valtteribottas,Directed,6292,,,1.0
alexander_arold,f1,Directed,6293,,,1.0
alexander_arold,scuderiaferrari,Directed,6294,,,1.0
alexander_arold,mercedesamgf1,Directed,6295,,,1.0
alexander_arold,valtteribottas,Directed,6296,,,1.0
23senna,mexicogp,Directed,6314,,,1.0
23senna,f1latinamerica,Directed,6315,,,1.0
23senna,enricotornello,Directed,6316,,,1.0
23senna,scuderiaferrari,Directed,6317,,,1.0
jeseluna8,f1,Directed,6318,,,1.0
dodajpodaj,sebvettelnews,Directed,6323,,,1.0
dodajpodaj,scuderiaferrari,Directed,6324,,,1.0
dodajpodaj,f1,Directed,6325,,,1.0
isabells7,f1writers,Directed,6334,,,1.0
adrysns916,supersporttv,Directed,6342,,,1.0
act_lightning,williamsracing,Directed,6354,,,1.0
act_lightning,hulkhulkenberg,Directed,6355,,,1.0
act_lightning,wtf1official,Directed,6356,,,1.0
act_lightning,massafelipe19,Directed,6357,,,1.0
act_lightning,renaultsportf1,Directed,6358,,,1.0
act_lightning,f1,Directed,6359,,,1.0
act_lightning,lewishamilton,Directed,6360,,,1.0
act_lightning,mercedesamgf1,Directed,6361,,,1.0
chic__cherry,fia,Directed,6373,,,1.0
chic__cherry,scuderiaferrari,Directed,6374,,,1.0
chic__cherry,f1,Directed,6375,,,1.0
chic__cherry,pirellisport,Directed,6376,,,1.0
vitors2000,scuderiaferrari,Directed,6384,,,1.0
vitors2000,f1,Directed,6385,,,1.0
formula1fanzone,formula1fanzone,Directed,6404,,,1.0
yoshua_h,valtteribottas,Directed,6407,,,1.0
yoshua_h,f1,Directed,6408,,,1.0
yoshua_h,danielricciardo,Directed,6409,,,1.0
yoshua_h,oconesteban,Directed,6410,,,1.0
yoshua_h,forceindiaf1,Directed,6411,,,1.0
yoshua_h,svandoorne,Directed,6412,,,1.0
yoshua_h,ausgrandprix,Directed,6413,,,1.0
yoshua_h,scuderiaferrari,Directed,6414,,,1.0
f1hub,f1hub,Directed,6436,,,1.0
wakeupmob,f1hub,Directed,6437,,,1.0
backofthegridf1,deejayone,Directed,6438,,,1.0
deejayone,backofthegridf1,Directed,6439,,,1.0
wakeupmob,deejayone,Directed,6440,,,1.0
wakeupmob,backofthegridf1,Directed,6441,,,1.0
wakeupmob,pirellisport,Directed,6442,,,1.0
wakeupmob,mclarenf1,Directed,6444,,,1.0
wakeupmob,gianludale27,Directed,6445,,,1.0
wakeupmob,f1writers,Directed,6446,,,1.0
wakeupmob,sebvettelnews,Directed,6447,,,1.0
wakeupmob,scuderiaferrari,Directed,6448,,,1.0
wakeupmob,f1,Directed,6449,,,1.0
wakeupmob,scuderia7,Directed,6450,,,1.0
meriuska,lewishamilton,Directed,6452,,,1.0
meriuska,a3formula1,Directed,6454,,,1.0
meriuska,alo_oficial,Directed,6455,,,1.0
meriuska,soymotor,Directed,6456,,,1.0
saetta_mcqueen,soymotor,Directed,6458,,,1.0
_i_love_racing,therealdcf1,Directed,6467,,,1.0
_i_love_racing,scuderiaferrari,Directed,6468,,,1.0
_i_love_racing,f1,Directed,6469,,,1.0
_i_love_racing,valtteribottas,Directed,6470,,,1.0
_i_love_racing,mercedesamgf1,Directed,6471,,,1.0
_i_love_racing,svandoorne,Directed,6472,,,1.0
_i_love_racing,ausgrandprix,Directed,6473,,,1.0
_i_love_racing,oconesteban,Directed,6474,,,1.0
_i_love_racing,forceindiaf1,Directed,6475,,,1.0
_i_love_racing,danielricciardo,Directed,6476,,,1.0
_i_love_racing,c4f1,Directed,6477,,,1.0
noawyne,motorsport,Directed,6478,,,1.0
noawyne,scuderiaferrari,Directed,6479,,,1.0
noawyne,f1,Directed,6480,,,1.0
nycnyc,nycnyc,Directed,6508,,,1.0
nycnyc,scuderiaferrari,Directed,6509,,,1.0
nycnyc,f1,Directed,6510,,,1.0
tigerzx59,scuderiaferrari,Directed,6517,,,1.0
tigerzx59,sebvettelnews,Directed,6518,,,1.0
rc_xtr3m,tigerzx59,Directed,6519,,,1.0
rc_xtr3m,michaelcarus0,Directed,6520,,,1.0
rc_xtr3m,toddkellyracing,Directed,6521,,,1.0
rc_xtr3m,nissan_msport,Directed,6522,,,1.0
rc_xtr3m,scuderiaferrari,Directed,6523,,,1.0
rc_xtr3m,sebvettelnews,Directed,6524,,,1.0
rc_xtr3m,wtf1official,Directed,6525,,,1.0
suhikuwohite,aus_airforce,Directed,6538,,,1.0
suhikuwohite,redbullracing,Directed,6540,,,1.0
suhikuwohite,f1,Directed,6541,,,1.0
suhikuwohite,danielricciardo,Directed,6542,,,1.0
suhikuwohite,scuderiaferrari,Directed,6543,,,1.0
suhikuwohite,nico_rosberg,Directed,6544,,,1.0
f1writers,movistar_f1,Directed,6551,,,1.0
f1writers,f1writers,Directed,6552,,,1.0
monaleeborah,scuderiaferrari,Directed,6556,,,1.0
monaleeborah,f1,Directed,6557,,,1.0
monaleeborah,oconesteban,Directed,6558,,,1.0
monaleeborah,forceindiaf1,Directed,6559,,,1.0
laaficion,schecoperez,Directed,6579,,,1.0
rojasandreaj,schecoperez,Directed,6580,,,1.0
rojasandreaj,laaficion,Directed,6581,,,1.0
rojasandreaj,f1,Directed,6582,,,1.0
francorral711,momentses,Directed,6594,,,1.0
f1latinamerica,f1latinamerica,Directed,6595,,,1.0
francorral711,f1latinamerica,Directed,6596,,,1.0
francorral711,telemetricof1,Directed,6599,,,1.0
francorral711,scuderiaferrari,Directed,6600,,,1.0
corra_davide,corra_davide,Directed,6610,,,1.0
corra_davide,mercedesamgf1,Directed,6611,,,1.0
supersporttv,supersporttv,Directed,6632,,,1.0
deekaysss,supersporttv,Directed,6633,,,1.0
deekaysss,scuderiaferrari,Directed,6634,,,1.0
deekaysss,f1,Directed,6635,,,1.0
1972boro,hondaracingf1,Directed,6640,,,1.0
1972boro,wtf1official,Directed,6641,,,1.0
1972boro,scuderiaferrari,Directed,6642,,,1.0
1972boro,f1,Directed,6643,,,1.0
1972boro,ausgrandprix,Directed,6644,,,1.0
1972boro,svandoorne,Directed,6645,,,1.0
jafbravo,alo_oficial,Directed,6646,,,1.0
jafbravo,carlossainz55,Directed,6647,,,1.0
jafbravo,valtteribottas,Directed,6649,,,1.0
jafbravo,lewishamilton,Directed,6650,,,1.0
joana3028,sebvettelnews,Directed,6658,,,1.0
joana3028,c4f1,Directed,6660,,,1.0
joana3028,mercedesamgf1,Directed,6662,,,1.0
joana3028,oconesteban,Directed,6663,,,1.0
joana3028,svandoorne,Directed,6664,,,1.0
joana3028,lewishamilton,Directed,6665,,,1.0
joana3028,valtteribottas,Directed,6666,,,1.0
joana3028,f1,Directed,6667,,,1.0
joana3028,danielricciardo,Directed,6668,,,1.0
graftechweb,marcoasfalto,Directed,6676,,,1.0
graftechweb,alessandrosala1,Directed,6677,,,1.0
graftechweb,scuderiaferrari,Directed,6679,,,1.0
soymotor,soymotor,Directed,6682,,,1.0
hermibaby,nico_rosberg,Directed,6684,,,1.0
hermibaby,ausgrandprix,Directed,6685,,,1.0
hermibaby,danielricciardo,Directed,6686,,,1.0
f1,scuderiaferrari,Directed,6687,,,1.0
hermibaby,f1,Directed,6688,,,1.0
hermibaby,scuderiaferrari,Directed,6689,,,1.0
hermibaby,valtteribottas,Directed,6690,,,1.0
padanicos,valtteribottas,Directed,6693,,,1.0
padanicos,lewishamilton,Directed,6694,,,1.0
padanicos,skysportf1hd,Directed,6695,,,1.0
